dataset,latent_dim,lambda_scatter,nu,auc,elapsed_s
cardio,16,0.0,0.01,0.759565,9.6
cardio,16,0.0,0.05,0.910722,9.6
cardio,16,0.0,0.1,0.908099,9.6
cardio,16,0.0,0.2,0.83372,9.6
cardio,16,0.1,0.01,0.737449,9.77
cardio,16,0.1,0.05,0.921224,9.77
cardio,16,0.1,0.1,0.866345,9.77
cardio,16,0.1,0.2,0.879995,9.77
cardio,16,1.0,0.01,0.937037,9.32
cardio,16,1.0,0.05,0.936419,9.32
cardio,16,1.0,0.1,0.932663,9.32
cardio,16,1.0,0.2,0.940418,9.32
cardio,16,10.0,0.01,0.962435,9.64
cardio,16,10.0,0.05,0.952602,9.64
cardio,16,10.0,0.1,0.94655,9.64
cardio,16,10.0,0.2,0.950323,9.64
cardio,16,100.0,0.01,0.731715,8.17
cardio,16,100.0,0.05,0.826813,8.17
cardio,16,100.0,0.1,0.84393,8.17
cardio,16,100.0,0.2,0.85127,8.17
cardio,16,1000.0,0.01,0.740549,8.95
cardio,16,1000.0,0.05,0.812946,8.95
cardio,16,1000.0,0.1,0.832484,8.95
cardio,16,1000.0,0.2,0.837016,8.95
cardio,32,0.0,0.01,0.773726,8.18
cardio,32,0.0,0.05,0.822854,8.18
cardio,32,0.0,0.1,0.884657,8.18
cardio,32,0.0,0.2,0.844006,8.18
cardio,32,0.1,0.01,0.889639,9.4
cardio,32,0.1,0.05,0.913204,9.4
cardio,32,0.1,0.1,0.883288,9.4
cardio,32,0.1,0.2,0.903052,9.4
cardio,32,1.0,0.01,0.954885,9.52
cardio,32,1.0,0.05,0.944171,9.52
cardio,32,1.0,0.1,0.934527,9.52
cardio,32,1.0,0.2,0.940236,9.52
cardio,32,10.0,0.01,0.978776,9.72
cardio,32,10.0,0.05,0.971811,9.72
cardio,32,10.0,0.1,0.970135,9.72
cardio,32,10.0,0.2,0.969174,9.72
cardio,32,100.0,0.01,0.763018,9.7
cardio,32,100.0,0.05,0.865477,9.7
cardio,32,100.0,0.1,0.876905,9.7
cardio,32,100.0,0.2,0.880339,9.7
cardio,32,1000.0,0.01,0.744744,8.99
cardio,32,1000.0,0.05,0.812885,8.99
cardio,32,1000.0,0.1,0.837198,8.99
cardio,32,1000.0,0.2,0.839646,8.99
cardio,64,0.0,0.01,0.730187,8.07
cardio,64,0.0,0.05,0.833013,8.07
cardio,64,0.0,0.1,0.844517,8.07
cardio,64,0.0,0.2,0.817681,8.07
cardio,64,0.1,0.01,0.860296,8.28
cardio,64,0.1,0.05,0.927132,8.28
cardio,64,0.1,0.1,0.902867,8.28
cardio,64,0.1,0.2,0.924942,8.28
cardio,64,1.0,0.01,0.944071,9.07
cardio,64,1.0,0.05,0.943642,9.07
cardio,64,1.0,0.1,0.935934,9.07
cardio,64,1.0,0.2,0.93829,9.07
cardio,64,10.0,0.01,0.973105,9.74
cardio,64,10.0,0.05,0.968923,9.74
cardio,64,10.0,0.1,0.968165,9.74
cardio,64,10.0,0.2,0.967025,9.74
cardio,64,100.0,0.01,0.71045,9.81
cardio,64,100.0,0.05,0.830919,9.81
cardio,64,100.0,0.1,0.859726,9.81
cardio,64,100.0,0.2,0.865109,9.81
cardio,64,1000.0,0.01,0.721512,8.94
cardio,64,1000.0,0.05,0.80758,8.94
cardio,64,1000.0,0.1,0.837473,8.94
cardio,64,1000.0,0.2,0.840408,8.94
cardio,128,0.0,0.01,0.915384,8.44
cardio,128,0.0,0.05,0.863204,8.44
cardio,128,0.0,0.1,0.905733,8.44
cardio,128,0.0,0.2,0.884256,8.44
cardio,128,0.1,0.01,0.879896,9.3
cardio,128,0.1,0.05,0.91502,9.3
cardio,128,0.1,0.1,0.898901,9.3
cardio,128,0.1,0.2,0.873692,9.3
cardio,128,1.0,0.01,0.940418,9.72
cardio,128,1.0,0.05,0.939632,9.72
cardio,128,1.0,0.1,0.933312,9.72
cardio,128,1.0,0.2,0.936837,9.72
cardio,128,10.0,0.01,0.973397,8.91
cardio,128,10.0,0.05,0.968741,8.91
cardio,128,10.0,0.1,0.966524,8.91
cardio,128,10.0,0.2,0.965847,8.91
cardio,128,100.0,0.01,0.729556,9.53
cardio,128,100.0,0.05,0.847806,9.53
cardio,128,100.0,0.1,0.868999,9.53
cardio,128,100.0,0.2,0.872267,9.53
cardio,128,1000.0,0.01,0.731489,9.44
cardio,128,1000.0,0.05,0.792361,9.44
cardio,128,1000.0,0.1,0.826675,9.44
cardio,128,1000.0,0.2,0.832704,9.44
cardio,256,0.0,0.01,0.815864,9.31
cardio,256,0.0,0.05,0.878577,9.31
cardio,256,0.0,0.1,0.89025,9.31
cardio,256,0.0,0.2,0.846979,9.31
cardio,256,0.1,0.01,0.907536,9.61
cardio,256,0.1,0.05,0.920293,9.61
cardio,256,0.1,0.1,0.910361,9.61
cardio,256,0.1,0.2,0.896879,9.61
cardio,256,1.0,0.01,0.940329,9.83
cardio,256,1.0,0.05,0.939903,9.83
cardio,256,1.0,0.1,0.932096,9.83
cardio,256,1.0,0.2,0.93715,9.83
cardio,256,10.0,0.01,0.97547,9.67
cardio,256,10.0,0.05,0.971241,9.67
cardio,256,10.0,0.1,0.969936,9.67
cardio,256,10.0,0.2,0.968014,9.67
cardio,256,100.0,0.01,0.746989,10.44
cardio,256,100.0,0.05,0.845808,10.44
cardio,256,100.0,0.1,0.872181,10.44
cardio,256,100.0,0.2,0.874804,10.44
cardio,256,1000.0,0.01,0.732666,8.77
cardio,256,1000.0,0.05,0.798314,8.77
cardio,256,1000.0,0.1,0.831392,8.77
cardio,256,1000.0,0.2,0.83568,8.77
cardiotocography_2and3_33_variant1,16,0.0,0.01,0.879264,8.16
cardiotocography_2and3_33_variant1,16,0.0,0.05,0.832537,8.16
cardiotocography_2and3_33_variant1,16,0.0,0.1,0.802014,8.16
cardiotocography_2and3_33_variant1,16,0.0,0.2,0.786414,8.16
cardiotocography_2and3_33_variant1,16,0.1,0.01,0.829589,8.81
cardiotocography_2and3_33_variant1,16,0.1,0.05,0.857475,8.81
cardiotocography_2and3_33_variant1,16,0.1,0.1,0.836473,8.81
cardiotocography_2and3_33_variant1,16,0.1,0.2,0.818383,8.81
cardiotocography_2and3_33_variant1,16,1.0,0.01,0.87681,9.59
cardiotocography_2and3_33_variant1,16,1.0,0.05,0.87064,9.59
cardiotocography_2and3_33_variant1,16,1.0,0.1,0.864231,9.59
cardiotocography_2and3_33_variant1,16,1.0,0.2,0.865495,9.59
cardiotocography_2and3_33_variant1,16,10.0,0.01,0.900705,9.63
cardiotocography_2and3_33_variant1,16,10.0,0.05,0.895065,9.63
cardiotocography_2and3_33_variant1,16,10.0,0.1,0.898563,9.63
cardiotocography_2and3_33_variant1,16,10.0,0.2,0.888309,9.63
cardiotocography_2and3_33_variant1,16,100.0,0.01,0.823583,9.7
cardiotocography_2and3_33_variant1,16,100.0,0.05,0.854198,9.7
cardiotocography_2and3_33_variant1,16,100.0,0.1,0.845281,9.7
cardiotocography_2and3_33_variant1,16,100.0,0.2,0.833104,9.7
cardiotocography_2and3_33_variant1,16,1000.0,0.01,0.677158,9.19
cardiotocography_2and3_33_variant1,16,1000.0,0.05,0.672801,9.19
cardiotocography_2and3_33_variant1,16,1000.0,0.1,0.678403,9.19
cardiotocography_2and3_33_variant1,16,1000.0,0.2,0.674851,9.19
cardiotocography_2and3_33_variant1,32,0.0,0.01,0.792218,9.59
cardiotocography_2and3_33_variant1,32,0.0,0.05,0.841417,9.59
cardiotocography_2and3_33_variant1,32,0.0,0.1,0.836602,9.59
cardiotocography_2and3_33_variant1,32,0.0,0.2,0.796686,9.59
cardiotocography_2and3_33_variant1,32,0.1,0.01,0.848979,8.65
cardiotocography_2and3_33_variant1,32,0.1,0.05,0.807324,8.65
cardiotocography_2and3_33_variant1,32,0.1,0.1,0.819976,8.65
cardiotocography_2and3_33_variant1,32,0.1,0.2,0.808075,8.65
cardiotocography_2and3_33_variant1,32,1.0,0.01,0.878605,9.0
cardiotocography_2and3_33_variant1,32,1.0,0.05,0.875071,9.0
cardiotocography_2and3_33_variant1,32,1.0,0.1,0.867362,9.0
cardiotocography_2and3_33_variant1,32,1.0,0.2,0.865989,9.0
cardiotocography_2and3_33_variant1,32,10.0,0.01,0.903287,9.21
cardiotocography_2and3_33_variant1,32,10.0,0.05,0.898874,9.21
cardiotocography_2and3_33_variant1,32,10.0,0.1,0.891422,9.21
cardiotocography_2and3_33_variant1,32,10.0,0.2,0.883475,9.21
cardiotocography_2and3_33_variant1,32,100.0,0.01,0.817266,9.87
cardiotocography_2and3_33_variant1,32,100.0,0.05,0.837169,9.87
cardiotocography_2and3_33_variant1,32,100.0,0.1,0.828326,9.87
cardiotocography_2and3_33_variant1,32,100.0,0.2,0.80921,9.87
cardiotocography_2and3_33_variant1,32,1000.0,0.01,0.676701,9.29
cardiotocography_2and3_33_variant1,32,1000.0,0.05,0.63695,9.29
cardiotocography_2and3_33_variant1,32,1000.0,0.1,0.64583,9.29
cardiotocography_2and3_33_variant1,32,1000.0,0.2,0.657255,9.29
cardiotocography_2and3_33_variant1,64,0.0,0.01,0.855369,8.35
cardiotocography_2and3_33_variant1,64,0.0,0.05,0.815014,8.35
cardiotocography_2and3_33_variant1,64,0.0,0.1,0.821917,8.35
cardiotocography_2and3_33_variant1,64,0.0,0.2,0.79383,8.35
cardiotocography_2and3_33_variant1,64,0.1,0.01,0.853886,8.52
cardiotocography_2and3_33_variant1,64,0.1,0.05,0.839421,8.52
cardiotocography_2and3_33_variant1,64,0.1,0.1,0.832409,8.52
cardiotocography_2and3_33_variant1,64,0.1,0.2,0.82882,8.52
cardiotocography_2and3_33_variant1,64,1.0,0.01,0.865367,8.64
cardiotocography_2and3_33_variant1,64,1.0,0.05,0.866905,8.64
cardiotocography_2and3_33_variant1,64,1.0,0.1,0.865312,8.64
cardiotocography_2and3_33_variant1,64,1.0,0.2,0.862272,8.64
cardiotocography_2and3_33_variant1,64,10.0,0.01,0.903708,9.33
cardiotocography_2and3_33_variant1,64,10.0,0.05,0.89274,9.33
cardiotocography_2and3_33_variant1,64,10.0,0.1,0.890616,9.33
cardiotocography_2and3_33_variant1,64,10.0,0.2,0.880967,9.33
cardiotocography_2and3_33_variant1,64,100.0,0.01,0.689847,9.59
cardiotocography_2and3_33_variant1,64,100.0,0.05,0.729232,9.59
cardiotocography_2and3_33_variant1,64,100.0,0.1,0.736794,9.59
cardiotocography_2and3_33_variant1,64,100.0,0.2,0.738314,9.59
cardiotocography_2and3_33_variant1,64,1000.0,0.01,0.682358,9.95
cardiotocography_2and3_33_variant1,64,1000.0,0.05,0.62838,9.95
cardiotocography_2and3_33_variant1,64,1000.0,0.1,0.646874,9.95
cardiotocography_2and3_33_variant1,64,1000.0,0.2,0.659965,9.95
cardiotocography_2and3_33_variant1,128,0.0,0.01,0.841399,8.45
cardiotocography_2and3_33_variant1,128,0.0,0.05,0.825304,8.45
cardiotocography_2and3_33_variant1,128,0.0,0.1,0.820544,8.45
cardiotocography_2and3_33_variant1,128,0.0,0.2,0.79339,8.45
cardiotocography_2and3_33_variant1,128,0.1,0.01,0.83662,8.55
cardiotocography_2and3_33_variant1,128,0.1,0.05,0.853355,8.55
cardiotocography_2and3_33_variant1,128,0.1,0.1,0.843541,8.55
cardiotocography_2and3_33_variant1,128,0.1,0.2,0.836968,8.55
cardiotocography_2and3_33_variant1,128,1.0,0.01,0.876591,8.61
cardiotocography_2and3_33_variant1,128,1.0,0.05,0.871317,8.61
cardiotocography_2and3_33_variant1,128,1.0,0.1,0.87075,8.61
cardiotocography_2and3_33_variant1,128,1.0,0.2,0.866502,8.61
cardiotocography_2and3_33_variant1,128,10.0,0.01,0.908816,8.62
cardiotocography_2and3_33_variant1,128,10.0,0.05,0.896787,8.62
cardiotocography_2and3_33_variant1,128,10.0,0.1,0.898911,8.62
cardiotocography_2and3_33_variant1,128,10.0,0.2,0.886771,8.62
cardiotocography_2and3_33_variant1,128,100.0,0.01,0.693326,9.84
cardiotocography_2and3_33_variant1,128,100.0,0.05,0.78407,9.84
cardiotocography_2and3_33_variant1,128,100.0,0.1,0.776142,9.84
cardiotocography_2and3_33_variant1,128,100.0,0.2,0.767518,9.84
cardiotocography_2and3_33_variant1,128,1000.0,0.01,0.647899,9.06
cardiotocography_2and3_33_variant1,128,1000.0,0.05,0.613,9.06
cardiotocography_2and3_33_variant1,128,1000.0,0.1,0.636126,9.06
cardiotocography_2and3_33_variant1,128,1000.0,0.2,0.64799,9.06
cardiotocography_2and3_33_variant1,256,0.0,0.01,0.91116,8.77
cardiotocography_2and3_33_variant1,256,0.0,0.05,0.840099,8.77
cardiotocography_2and3_33_variant1,256,0.0,0.1,0.845189,8.77
cardiotocography_2and3_33_variant1,256,0.0,0.2,0.793921,8.77
cardiotocography_2and3_33_variant1,256,0.1,0.01,0.884684,8.59
cardiotocography_2and3_33_variant1,256,0.1,0.05,0.848393,8.59
cardiotocography_2and3_33_variant1,256,0.1,0.1,0.843413,8.59
cardiotocography_2and3_33_variant1,256,0.1,0.2,0.839897,8.59
cardiotocography_2and3_33_variant1,256,1.0,0.01,0.87183,8.47
cardiotocography_2and3_33_variant1,256,1.0,0.05,0.872306,8.47
cardiotocography_2and3_33_variant1,256,1.0,0.1,0.868424,8.47
cardiotocography_2and3_33_variant1,256,1.0,0.2,0.865165,8.47
cardiotocography_2and3_33_variant1,256,10.0,0.01,0.904239,9.21
cardiotocography_2and3_33_variant1,256,10.0,0.05,0.894901,9.21
cardiotocography_2and3_33_variant1,256,10.0,0.1,0.895743,9.21
cardiotocography_2and3_33_variant1,256,10.0,0.2,0.885233,9.21
cardiotocography_2and3_33_variant1,256,100.0,0.01,0.549556,9.61
cardiotocography_2and3_33_variant1,256,100.0,0.05,0.689865,9.61
cardiotocography_2and3_33_variant1,256,100.0,0.1,0.703122,9.61
cardiotocography_2and3_33_variant1,256,100.0,0.2,0.705722,9.61
cardiotocography_2and3_33_variant1,256,1000.0,0.01,0.616809,9.5
cardiotocography_2and3_33_variant1,256,1000.0,0.05,0.623876,9.5
cardiotocography_2and3_33_variant1,256,1000.0,0.1,0.641527,9.5
cardiotocography_2and3_33_variant1,256,1000.0,0.2,0.649785,9.5
diabetes_tested_positive_26_variant1,16,0.0,0.01,0.587154,2.12
diabetes_tested_positive_26_variant1,16,0.0,0.05,0.562154,2.12
diabetes_tested_positive_26_variant1,16,0.0,0.1,0.532846,2.12
diabetes_tested_positive_26_variant1,16,0.0,0.2,0.554846,2.12
diabetes_tested_positive_26_variant1,16,0.1,0.01,0.583,2.7
diabetes_tested_positive_26_variant1,16,0.1,0.05,0.577308,2.7
diabetes_tested_positive_26_variant1,16,0.1,0.1,0.581462,2.7
diabetes_tested_positive_26_variant1,16,0.1,0.2,0.602385,2.7
diabetes_tested_positive_26_variant1,16,1.0,0.01,0.411846,2.41
diabetes_tested_positive_26_variant1,16,1.0,0.05,0.477077,2.41
diabetes_tested_positive_26_variant1,16,1.0,0.1,0.512077,2.41
diabetes_tested_positive_26_variant1,16,1.0,0.2,0.543769,2.41
diabetes_tested_positive_26_variant1,16,10.0,0.01,0.742,2.54
diabetes_tested_positive_26_variant1,16,10.0,0.05,0.687154,2.54
diabetes_tested_positive_26_variant1,16,10.0,0.1,0.690154,2.54
diabetes_tested_positive_26_variant1,16,10.0,0.2,0.708923,2.54
diabetes_tested_positive_26_variant1,16,100.0,0.01,0.616846,2.38
diabetes_tested_positive_26_variant1,16,100.0,0.05,0.535,2.38
diabetes_tested_positive_26_variant1,16,100.0,0.1,0.572846,2.38
diabetes_tested_positive_26_variant1,16,100.0,0.2,0.612154,2.38
diabetes_tested_positive_26_variant1,16,1000.0,0.01,0.584923,2.11
diabetes_tested_positive_26_variant1,16,1000.0,0.05,0.525692,2.11
diabetes_tested_positive_26_variant1,16,1000.0,0.1,0.551846,2.11
diabetes_tested_positive_26_variant1,16,1000.0,0.2,0.603846,2.11
diabetes_tested_positive_26_variant1,32,0.0,0.01,0.560231,2.15
diabetes_tested_positive_26_variant1,32,0.0,0.05,0.549615,2.15
diabetes_tested_positive_26_variant1,32,0.0,0.1,0.534692,2.15
diabetes_tested_positive_26_variant1,32,0.0,0.2,0.544231,2.15
diabetes_tested_positive_26_variant1,32,0.1,0.01,0.497615,2.43
diabetes_tested_positive_26_variant1,32,0.1,0.05,0.503308,2.43
diabetes_tested_positive_26_variant1,32,0.1,0.1,0.515308,2.43
diabetes_tested_positive_26_variant1,32,0.1,0.2,0.538769,2.43
diabetes_tested_positive_26_variant1,32,1.0,0.01,0.398923,2.75
diabetes_tested_positive_26_variant1,32,1.0,0.05,0.444308,2.75
diabetes_tested_positive_26_variant1,32,1.0,0.1,0.471154,2.75
diabetes_tested_positive_26_variant1,32,1.0,0.2,0.503615,2.75
diabetes_tested_positive_26_variant1,32,10.0,0.01,0.746769,2.65
diabetes_tested_positive_26_variant1,32,10.0,0.05,0.704462,2.65
diabetes_tested_positive_26_variant1,32,10.0,0.1,0.679,2.65
diabetes_tested_positive_26_variant1,32,10.0,0.2,0.697615,2.65
diabetes_tested_positive_26_variant1,32,100.0,0.01,0.614,2.78
diabetes_tested_positive_26_variant1,32,100.0,0.05,0.603231,2.78
diabetes_tested_positive_26_variant1,32,100.0,0.1,0.599538,2.78
diabetes_tested_positive_26_variant1,32,100.0,0.2,0.623385,2.78
diabetes_tested_positive_26_variant1,32,1000.0,0.01,0.601,2.38
diabetes_tested_positive_26_variant1,32,1000.0,0.05,0.587,2.38
diabetes_tested_positive_26_variant1,32,1000.0,0.1,0.598923,2.38
diabetes_tested_positive_26_variant1,32,1000.0,0.2,0.615077,2.38
diabetes_tested_positive_26_variant1,64,0.0,0.01,0.574846,2.21
diabetes_tested_positive_26_variant1,64,0.0,0.05,0.577077,2.21
diabetes_tested_positive_26_variant1,64,0.0,0.1,0.550308,2.21
diabetes_tested_positive_26_variant1,64,0.0,0.2,0.563923,2.21
diabetes_tested_positive_26_variant1,64,0.1,0.01,0.569308,2.05
diabetes_tested_positive_26_variant1,64,0.1,0.05,0.538385,2.05
diabetes_tested_positive_26_variant1,64,0.1,0.1,0.541692,2.05
diabetes_tested_positive_26_variant1,64,0.1,0.2,0.546923,2.05
diabetes_tested_positive_26_variant1,64,1.0,0.01,0.436923,2.19
diabetes_tested_positive_26_variant1,64,1.0,0.05,0.459385,2.19
diabetes_tested_positive_26_variant1,64,1.0,0.1,0.476846,2.19
diabetes_tested_positive_26_variant1,64,1.0,0.2,0.516,2.19
diabetes_tested_positive_26_variant1,64,10.0,0.01,0.740923,2.21
diabetes_tested_positive_26_variant1,64,10.0,0.05,0.686615,2.21
diabetes_tested_positive_26_variant1,64,10.0,0.1,0.697154,2.21
diabetes_tested_positive_26_variant1,64,10.0,0.2,0.705923,2.21
diabetes_tested_positive_26_variant1,64,100.0,0.01,0.592462,2.15
diabetes_tested_positive_26_variant1,64,100.0,0.05,0.582385,2.15
diabetes_tested_positive_26_variant1,64,100.0,0.1,0.592923,2.15
diabetes_tested_positive_26_variant1,64,100.0,0.2,0.619846,2.15
diabetes_tested_positive_26_variant1,64,1000.0,0.01,0.570538,2.65
diabetes_tested_positive_26_variant1,64,1000.0,0.05,0.564077,2.65
diabetes_tested_positive_26_variant1,64,1000.0,0.1,0.579462,2.65
diabetes_tested_positive_26_variant1,64,1000.0,0.2,0.602154,2.65
diabetes_tested_positive_26_variant1,128,0.0,0.01,0.585,2.26
diabetes_tested_positive_26_variant1,128,0.0,0.05,0.575385,2.26
diabetes_tested_positive_26_variant1,128,0.0,0.1,0.546462,2.26
diabetes_tested_positive_26_variant1,128,0.0,0.2,0.555538,2.26
diabetes_tested_positive_26_variant1,128,0.1,0.01,0.546385,2.55
diabetes_tested_positive_26_variant1,128,0.1,0.05,0.549769,2.55
diabetes_tested_positive_26_variant1,128,0.1,0.1,0.554077,2.55
diabetes_tested_positive_26_variant1,128,0.1,0.2,0.558846,2.55
diabetes_tested_positive_26_variant1,128,1.0,0.01,0.389692,2.51
diabetes_tested_positive_26_variant1,128,1.0,0.05,0.447231,2.51
diabetes_tested_positive_26_variant1,128,1.0,0.1,0.489923,2.51
diabetes_tested_positive_26_variant1,128,1.0,0.2,0.516923,2.51
diabetes_tested_positive_26_variant1,128,10.0,0.01,0.753077,2.27
diabetes_tested_positive_26_variant1,128,10.0,0.05,0.709077,2.27
diabetes_tested_positive_26_variant1,128,10.0,0.1,0.697692,2.27
diabetes_tested_positive_26_variant1,128,10.0,0.2,0.713538,2.27
diabetes_tested_positive_26_variant1,128,100.0,0.01,0.591615,2.57
diabetes_tested_positive_26_variant1,128,100.0,0.05,0.593538,2.57
diabetes_tested_positive_26_variant1,128,100.0,0.1,0.603154,2.57
diabetes_tested_positive_26_variant1,128,100.0,0.2,0.623846,2.57
diabetes_tested_positive_26_variant1,128,1000.0,0.01,0.566385,2.7
diabetes_tested_positive_26_variant1,128,1000.0,0.05,0.567462,2.7
diabetes_tested_positive_26_variant1,128,1000.0,0.1,0.583,2.7
diabetes_tested_positive_26_variant1,128,1000.0,0.2,0.605769,2.7
diabetes_tested_positive_26_variant1,256,0.0,0.01,0.593385,2.46
diabetes_tested_positive_26_variant1,256,0.0,0.05,0.584385,2.46
diabetes_tested_positive_26_variant1,256,0.0,0.1,0.555769,2.46
diabetes_tested_positive_26_variant1,256,0.0,0.2,0.568538,2.46
diabetes_tested_positive_26_variant1,256,0.1,0.01,0.552538,2.43
diabetes_tested_positive_26_variant1,256,0.1,0.05,0.563769,2.43
diabetes_tested_positive_26_variant1,256,0.1,0.1,0.562923,2.43
diabetes_tested_positive_26_variant1,256,0.1,0.2,0.566462,2.43
diabetes_tested_positive_26_variant1,256,1.0,0.01,0.408,2.57
diabetes_tested_positive_26_variant1,256,1.0,0.05,0.452462,2.57
diabetes_tested_positive_26_variant1,256,1.0,0.1,0.486077,2.57
diabetes_tested_positive_26_variant1,256,1.0,0.2,0.521692,2.57
diabetes_tested_positive_26_variant1,256,10.0,0.01,0.743462,2.35
diabetes_tested_positive_26_variant1,256,10.0,0.05,0.707154,2.35
diabetes_tested_positive_26_variant1,256,10.0,0.1,0.697154,2.35
diabetes_tested_positive_26_variant1,256,10.0,0.2,0.715923,2.35
diabetes_tested_positive_26_variant1,256,100.0,0.01,0.596308,2.27
diabetes_tested_positive_26_variant1,256,100.0,0.05,0.589231,2.27
diabetes_tested_positive_26_variant1,256,100.0,0.1,0.602846,2.27
diabetes_tested_positive_26_variant1,256,100.0,0.2,0.630385,2.27
diabetes_tested_positive_26_variant1,256,1000.0,0.01,0.571615,2.56
diabetes_tested_positive_26_variant1,256,1000.0,0.05,0.566385,2.56
diabetes_tested_positive_26_variant1,256,1000.0,0.1,0.583385,2.56
diabetes_tested_positive_26_variant1,256,1000.0,0.2,0.611538,2.56
ionosphere_b_24_variant1,16,0.0,0.01,0.744815,2.62
ionosphere_b_24_variant1,16,0.0,0.05,0.728333,2.62
ionosphere_b_24_variant1,16,0.0,0.1,0.720926,2.62
ionosphere_b_24_variant1,16,0.0,0.2,0.702778,2.62
ionosphere_b_24_variant1,16,0.1,0.01,0.77037,2.57
ionosphere_b_24_variant1,16,0.1,0.05,0.781111,2.57
ionosphere_b_24_variant1,16,0.1,0.1,0.758148,2.57
ionosphere_b_24_variant1,16,0.1,0.2,0.702407,2.57
ionosphere_b_24_variant1,16,1.0,0.01,0.862037,2.94
ionosphere_b_24_variant1,16,1.0,0.05,0.869444,2.94
ionosphere_b_24_variant1,16,1.0,0.1,0.867037,2.94
ionosphere_b_24_variant1,16,1.0,0.2,0.855926,2.94
ionosphere_b_24_variant1,16,10.0,0.01,1.0,2.33
ionosphere_b_24_variant1,16,10.0,0.05,1.0,2.33
ionosphere_b_24_variant1,16,10.0,0.1,1.0,2.33
ionosphere_b_24_variant1,16,10.0,0.2,1.0,2.33
ionosphere_b_24_variant1,16,100.0,0.01,1.0,2.73
ionosphere_b_24_variant1,16,100.0,0.05,1.0,2.73
ionosphere_b_24_variant1,16,100.0,0.1,1.0,2.73
ionosphere_b_24_variant1,16,100.0,0.2,1.0,2.73
ionosphere_b_24_variant1,16,1000.0,0.01,1.0,2.65
ionosphere_b_24_variant1,16,1000.0,0.05,1.0,2.65
ionosphere_b_24_variant1,16,1000.0,0.1,1.0,2.65
ionosphere_b_24_variant1,16,1000.0,0.2,1.0,2.65
ionosphere_b_24_variant1,32,0.0,0.01,0.693704,2.75
ionosphere_b_24_variant1,32,0.0,0.05,0.688889,2.75
ionosphere_b_24_variant1,32,0.0,0.1,0.689259,2.75
ionosphere_b_24_variant1,32,0.0,0.2,0.677407,2.75
ionosphere_b_24_variant1,32,0.1,0.01,0.777963,2.52
ionosphere_b_24_variant1,32,0.1,0.05,0.768148,2.52
ionosphere_b_24_variant1,32,0.1,0.1,0.765185,2.52
ionosphere_b_24_variant1,32,0.1,0.2,0.705741,2.52
ionosphere_b_24_variant1,32,1.0,0.01,0.876481,2.66
ionosphere_b_24_variant1,32,1.0,0.05,0.873704,2.66
ionosphere_b_24_variant1,32,1.0,0.1,0.878519,2.66
ionosphere_b_24_variant1,32,1.0,0.2,0.865741,2.66
ionosphere_b_24_variant1,32,10.0,0.01,1.0,2.73
ionosphere_b_24_variant1,32,10.0,0.05,1.0,2.73
ionosphere_b_24_variant1,32,10.0,0.1,1.0,2.73
ionosphere_b_24_variant1,32,10.0,0.2,1.0,2.73
ionosphere_b_24_variant1,32,100.0,0.01,1.0,2.43
ionosphere_b_24_variant1,32,100.0,0.05,1.0,2.43
ionosphere_b_24_variant1,32,100.0,0.1,1.0,2.43
ionosphere_b_24_variant1,32,100.0,0.2,1.0,2.43
ionosphere_b_24_variant1,32,1000.0,0.01,1.0,2.5
ionosphere_b_24_variant1,32,1000.0,0.05,1.0,2.5
ionosphere_b_24_variant1,32,1000.0,0.1,1.0,2.5
ionosphere_b_24_variant1,32,1000.0,0.2,1.0,2.5
ionosphere_b_24_variant1,64,0.0,0.01,0.667593,2.56
ionosphere_b_24_variant1,64,0.0,0.05,0.620556,2.56
ionosphere_b_24_variant1,64,0.0,0.1,0.615741,2.56
ionosphere_b_24_variant1,64,0.0,0.2,0.573148,2.56
ionosphere_b_24_variant1,64,0.1,0.01,0.793148,2.38
ionosphere_b_24_variant1,64,0.1,0.05,0.783148,2.38
ionosphere_b_24_variant1,64,0.1,0.1,0.78037,2.38
ionosphere_b_24_variant1,64,0.1,0.2,0.730741,2.38
ionosphere_b_24_variant1,64,1.0,0.01,0.857407,2.47
ionosphere_b_24_variant1,64,1.0,0.05,0.85963,2.47
ionosphere_b_24_variant1,64,1.0,0.1,0.860926,2.47
ionosphere_b_24_variant1,64,1.0,0.2,0.852963,2.47
ionosphere_b_24_variant1,64,10.0,0.01,1.0,2.31
ionosphere_b_24_variant1,64,10.0,0.05,1.0,2.31
ionosphere_b_24_variant1,64,10.0,0.1,1.0,2.31
ionosphere_b_24_variant1,64,10.0,0.2,1.0,2.31
ionosphere_b_24_variant1,64,100.0,0.01,1.0,2.52
ionosphere_b_24_variant1,64,100.0,0.05,1.0,2.52
ionosphere_b_24_variant1,64,100.0,0.1,1.0,2.52
ionosphere_b_24_variant1,64,100.0,0.2,1.0,2.52
ionosphere_b_24_variant1,64,1000.0,0.01,1.0,2.58
ionosphere_b_24_variant1,64,1000.0,0.05,1.0,2.58
ionosphere_b_24_variant1,64,1000.0,0.1,1.0,2.58
ionosphere_b_24_variant1,64,1000.0,0.2,1.0,2.58
ionosphere_b_24_variant1,128,0.0,0.01,0.601111,2.01
ionosphere_b_24_variant1,128,0.0,0.05,0.544259,2.01
ionosphere_b_24_variant1,128,0.0,0.1,0.541852,2.01
ionosphere_b_24_variant1,128,0.0,0.2,0.509815,2.01
ionosphere_b_24_variant1,128,0.1,0.01,0.780556,2.46
ionosphere_b_24_variant1,128,0.1,0.05,0.752407,2.46
ionosphere_b_24_variant1,128,0.1,0.1,0.762407,2.46
ionosphere_b_24_variant1,128,0.1,0.2,0.707222,2.46
ionosphere_b_24_variant1,128,1.0,0.01,0.873148,2.77
ionosphere_b_24_variant1,128,1.0,0.05,0.878148,2.77
ionosphere_b_24_variant1,128,1.0,0.1,0.878889,2.77
ionosphere_b_24_variant1,128,1.0,0.2,0.866852,2.77
ionosphere_b_24_variant1,128,10.0,0.01,1.0,2.34
ionosphere_b_24_variant1,128,10.0,0.05,1.0,2.34
ionosphere_b_24_variant1,128,10.0,0.1,1.0,2.34
ionosphere_b_24_variant1,128,10.0,0.2,1.0,2.34
ionosphere_b_24_variant1,128,100.0,0.01,1.0,2.12
ionosphere_b_24_variant1,128,100.0,0.05,1.0,2.12
ionosphere_b_24_variant1,128,100.0,0.1,1.0,2.12
ionosphere_b_24_variant1,128,100.0,0.2,1.0,2.12
ionosphere_b_24_variant1,128,1000.0,0.01,1.0,2.2
ionosphere_b_24_variant1,128,1000.0,0.05,1.0,2.2
ionosphere_b_24_variant1,128,1000.0,0.1,1.0,2.2
ionosphere_b_24_variant1,128,1000.0,0.2,1.0,2.2
ionosphere_b_24_variant1,256,0.0,0.01,0.651852,2.17
ionosphere_b_24_variant1,256,0.0,0.05,0.604259,2.17
ionosphere_b_24_variant1,256,0.0,0.1,0.586481,2.17
ionosphere_b_24_variant1,256,0.0,0.2,0.550926,2.17
ionosphere_b_24_variant1,256,0.1,0.01,0.784815,2.06
ionosphere_b_24_variant1,256,0.1,0.05,0.766296,2.06
ionosphere_b_24_variant1,256,0.1,0.1,0.775,2.06
ionosphere_b_24_variant1,256,0.1,0.2,0.706667,2.06
ionosphere_b_24_variant1,256,1.0,0.01,0.865741,2.37
ionosphere_b_24_variant1,256,1.0,0.05,0.869815,2.37
ionosphere_b_24_variant1,256,1.0,0.1,0.873333,2.37
ionosphere_b_24_variant1,256,1.0,0.2,0.862222,2.37
ionosphere_b_24_variant1,256,10.0,0.01,1.0,2.05
ionosphere_b_24_variant1,256,10.0,0.05,1.0,2.05
ionosphere_b_24_variant1,256,10.0,0.1,1.0,2.05
ionosphere_b_24_variant1,256,10.0,0.2,1.0,2.05
ionosphere_b_24_variant1,256,100.0,0.01,1.0,2.04
ionosphere_b_24_variant1,256,100.0,0.05,1.0,2.04
ionosphere_b_24_variant1,256,100.0,0.1,1.0,2.04
ionosphere_b_24_variant1,256,100.0,0.2,1.0,2.04
ionosphere_b_24_variant1,256,1000.0,0.01,1.0,2.41
ionosphere_b_24_variant1,256,1000.0,0.05,1.0,2.41
ionosphere_b_24_variant1,256,1000.0,0.1,1.0,2.41
ionosphere_b_24_variant1,256,1000.0,0.2,1.0,2.41
pageblocks_1_258_variant1,16,0.0,0.01,0.838382,22.04
pageblocks_1_258_variant1,16,0.0,0.05,0.808538,22.04
pageblocks_1_258_variant1,16,0.0,0.1,0.811085,22.04
pageblocks_1_258_variant1,16,0.0,0.2,0.803901,22.04
pageblocks_1_258_variant1,16,0.1,0.01,0.816342,23.84
pageblocks_1_258_variant1,16,0.1,0.05,0.780811,23.84
pageblocks_1_258_variant1,16,0.1,0.1,0.781571,23.84
pageblocks_1_258_variant1,16,0.1,0.2,0.76902,23.84
pageblocks_1_258_variant1,16,1.0,0.01,0.878546,21.05
pageblocks_1_258_variant1,16,1.0,0.05,0.881183,21.05
pageblocks_1_258_variant1,16,1.0,0.1,0.878295,21.05
pageblocks_1_258_variant1,16,1.0,0.2,0.871061,21.05
pageblocks_1_258_variant1,16,10.0,0.01,0.962298,23.95
pageblocks_1_258_variant1,16,10.0,0.05,0.968763,23.95
pageblocks_1_258_variant1,16,10.0,0.1,0.968619,23.95
pageblocks_1_258_variant1,16,10.0,0.2,0.970197,23.95
pageblocks_1_258_variant1,16,100.0,0.01,0.95273,23.49
pageblocks_1_258_variant1,16,100.0,0.05,0.966678,23.49
pageblocks_1_258_variant1,16,100.0,0.1,0.971794,23.49
pageblocks_1_258_variant1,16,100.0,0.2,0.97521,23.49
pageblocks_1_258_variant1,16,1000.0,0.01,0.807851,22.17
pageblocks_1_258_variant1,16,1000.0,0.05,0.982265,22.17
pageblocks_1_258_variant1,16,1000.0,0.1,0.984655,22.17
pageblocks_1_258_variant1,16,1000.0,0.2,0.985398,22.17
pageblocks_1_258_variant1,32,0.0,0.01,0.813947,23.67
pageblocks_1_258_variant1,32,0.0,0.05,0.78789,23.67
pageblocks_1_258_variant1,32,0.0,0.1,0.794787,23.67
pageblocks_1_258_variant1,32,0.0,0.2,0.790982,23.67
pageblocks_1_258_variant1,32,0.1,0.01,0.794772,22.08
pageblocks_1_258_variant1,32,0.1,0.05,0.769973,22.08
pageblocks_1_258_variant1,32,0.1,0.1,0.772447,22.08
pageblocks_1_258_variant1,32,0.1,0.2,0.760472,22.08
pageblocks_1_258_variant1,32,1.0,0.01,0.873584,22.57
pageblocks_1_258_variant1,32,1.0,0.05,0.873733,22.57
pageblocks_1_258_variant1,32,1.0,0.1,0.865562,22.57
pageblocks_1_258_variant1,32,1.0,0.2,0.858132,22.57
pageblocks_1_258_variant1,32,10.0,0.01,0.963927,24.63
pageblocks_1_258_variant1,32,10.0,0.05,0.969426,24.63
pageblocks_1_258_variant1,32,10.0,0.1,0.969208,24.63
pageblocks_1_258_variant1,32,10.0,0.2,0.970475,24.63
pageblocks_1_258_variant1,32,100.0,0.01,0.943613,25.16
pageblocks_1_258_variant1,32,100.0,0.05,0.961426,25.16
pageblocks_1_258_variant1,32,100.0,0.1,0.967118,25.16
pageblocks_1_258_variant1,32,100.0,0.2,0.971589,25.16
pageblocks_1_258_variant1,32,1000.0,0.01,0.874092,25.19
pageblocks_1_258_variant1,32,1000.0,0.05,0.981594,25.19
pageblocks_1_258_variant1,32,1000.0,0.1,0.98314,25.19
pageblocks_1_258_variant1,32,1000.0,0.2,0.983538,25.19
pageblocks_1_258_variant1,64,0.0,0.01,0.80921,20.11
pageblocks_1_258_variant1,64,0.0,0.05,0.779525,20.11
pageblocks_1_258_variant1,64,0.0,0.1,0.780223,20.11
pageblocks_1_258_variant1,64,0.0,0.2,0.77429,20.11
pageblocks_1_258_variant1,64,0.1,0.01,0.788943,23.32
pageblocks_1_258_variant1,64,0.1,0.05,0.763749,23.32
pageblocks_1_258_variant1,64,0.1,0.1,0.7634,23.32
pageblocks_1_258_variant1,64,0.1,0.2,0.752826,23.32
pageblocks_1_258_variant1,64,1.0,0.01,0.876233,25.74
pageblocks_1_258_variant1,64,1.0,0.05,0.875201,25.74
pageblocks_1_258_variant1,64,1.0,0.1,0.866205,25.74
pageblocks_1_258_variant1,64,1.0,0.2,0.857942,25.74
pageblocks_1_258_variant1,64,10.0,0.01,0.964245,23.55
pageblocks_1_258_variant1,64,10.0,0.05,0.970453,23.55
pageblocks_1_258_variant1,64,10.0,0.1,0.970851,23.55
pageblocks_1_258_variant1,64,10.0,0.2,0.97212,23.55
pageblocks_1_258_variant1,64,100.0,0.01,0.957974,24.53
pageblocks_1_258_variant1,64,100.0,0.05,0.9701,24.53
pageblocks_1_258_variant1,64,100.0,0.1,0.974608,24.53
pageblocks_1_258_variant1,64,100.0,0.2,0.977328,24.53
pageblocks_1_258_variant1,64,1000.0,0.01,0.85442,21.39
pageblocks_1_258_variant1,64,1000.0,0.05,0.980644,21.39
pageblocks_1_258_variant1,64,1000.0,0.1,0.983339,21.39
pageblocks_1_258_variant1,64,1000.0,0.2,0.983833,21.39
pageblocks_1_258_variant1,128,0.0,0.01,0.793801,22.16
pageblocks_1_258_variant1,128,0.0,0.05,0.761377,22.16
pageblocks_1_258_variant1,128,0.0,0.1,0.763311,22.16
pageblocks_1_258_variant1,128,0.0,0.2,0.755833,22.16
pageblocks_1_258_variant1,128,0.1,0.01,0.787492,22.02
pageblocks_1_258_variant1,128,0.1,0.05,0.759559,22.02
pageblocks_1_258_variant1,128,0.1,0.1,0.760587,22.02
pageblocks_1_258_variant1,128,0.1,0.2,0.749,22.02
pageblocks_1_258_variant1,128,1.0,0.01,0.869728,22.22
pageblocks_1_258_variant1,128,1.0,0.05,0.867742,22.22
pageblocks_1_258_variant1,128,1.0,0.1,0.856831,22.22
pageblocks_1_258_variant1,128,1.0,0.2,0.848765,22.22
pageblocks_1_258_variant1,128,10.0,0.01,0.965876,22.96
pageblocks_1_258_variant1,128,10.0,0.05,0.971399,22.96
pageblocks_1_258_variant1,128,10.0,0.1,0.971542,22.96
pageblocks_1_258_variant1,128,10.0,0.2,0.972857,22.96
pageblocks_1_258_variant1,128,100.0,0.01,0.953965,21.78
pageblocks_1_258_variant1,128,100.0,0.05,0.967169,21.78
pageblocks_1_258_variant1,128,100.0,0.1,0.972228,21.78
pageblocks_1_258_variant1,128,100.0,0.2,0.975346,21.78
pageblocks_1_258_variant1,128,1000.0,0.01,0.890213,23.29
pageblocks_1_258_variant1,128,1000.0,0.05,0.980131,23.29
pageblocks_1_258_variant1,128,1000.0,0.1,0.981657,23.29
pageblocks_1_258_variant1,128,1000.0,0.2,0.981773,23.29
pageblocks_1_258_variant1,256,0.0,0.01,0.802457,23.4
pageblocks_1_258_variant1,256,0.0,0.05,0.773166,23.4
pageblocks_1_258_variant1,256,0.0,0.1,0.773681,23.4
pageblocks_1_258_variant1,256,0.0,0.2,0.76438,23.4
pageblocks_1_258_variant1,256,0.1,0.01,0.79016,25.39
pageblocks_1_258_variant1,256,0.1,0.05,0.761377,25.39
pageblocks_1_258_variant1,256,0.1,0.1,0.762054,25.39
pageblocks_1_258_variant1,256,0.1,0.2,0.749548,25.39
pageblocks_1_258_variant1,256,1.0,0.01,0.872615,22.08
pageblocks_1_258_variant1,256,1.0,0.05,0.870026,22.08
pageblocks_1_258_variant1,256,1.0,0.1,0.859882,22.08
pageblocks_1_258_variant1,256,1.0,0.2,0.851939,22.08
pageblocks_1_258_variant1,256,10.0,0.01,0.965265,23.21
pageblocks_1_258_variant1,256,10.0,0.05,0.97097,23.21
pageblocks_1_258_variant1,256,10.0,0.1,0.971081,23.21
pageblocks_1_258_variant1,256,10.0,0.2,0.972374,23.21
pageblocks_1_258_variant1,256,100.0,0.01,0.95269,22.2
pageblocks_1_258_variant1,256,100.0,0.05,0.966218,22.2
pageblocks_1_258_variant1,256,100.0,0.1,0.971743,22.2
pageblocks_1_258_variant1,256,100.0,0.2,0.975239,22.2
pageblocks_1_258_variant1,256,1000.0,0.01,0.880063,24.07
pageblocks_1_258_variant1,256,1000.0,0.05,0.979485,24.07
pageblocks_1_258_variant1,256,1000.0,0.1,0.981397,24.07
pageblocks_1_258_variant1,256,1000.0,0.2,0.981707,24.07
pima_TRUE_55_variant1,16,0.0,0.01,0.613673,2.0
pima_TRUE_55_variant1,16,0.0,0.05,0.613891,2.0
pima_TRUE_55_variant1,16,0.0,0.1,0.619491,2.0
pima_TRUE_55_variant1,16,0.0,0.2,0.598036,2.0
pima_TRUE_55_variant1,16,0.1,0.01,0.605309,2.08
pima_TRUE_55_variant1,16,0.1,0.05,0.579709,2.08
pima_TRUE_55_variant1,16,0.1,0.1,0.586909,2.08
pima_TRUE_55_variant1,16,0.1,0.2,0.599745,2.08
pima_TRUE_55_variant1,16,1.0,0.01,0.4916,2.2
pima_TRUE_55_variant1,16,1.0,0.05,0.524036,2.2
pima_TRUE_55_variant1,16,1.0,0.1,0.550764,2.2
pima_TRUE_55_variant1,16,1.0,0.2,0.560945,2.2
pima_TRUE_55_variant1,16,10.0,0.01,0.748836,2.03
pima_TRUE_55_variant1,16,10.0,0.05,0.655636,2.03
pima_TRUE_55_variant1,16,10.0,0.1,0.6892,2.03
pima_TRUE_55_variant1,16,10.0,0.2,0.714473,2.03
pima_TRUE_55_variant1,16,100.0,0.01,0.6272,2.01
pima_TRUE_55_variant1,16,100.0,0.05,0.641564,2.01
pima_TRUE_55_variant1,16,100.0,0.1,0.657964,2.01
pima_TRUE_55_variant1,16,100.0,0.2,0.679018,2.01
pima_TRUE_55_variant1,16,1000.0,0.01,0.596982,2.26
pima_TRUE_55_variant1,16,1000.0,0.05,0.6096,2.26
pima_TRUE_55_variant1,16,1000.0,0.1,0.634945,2.26
pima_TRUE_55_variant1,16,1000.0,0.2,0.666836,2.26
pima_TRUE_55_variant1,32,0.0,0.01,0.625564,1.92
pima_TRUE_55_variant1,32,0.0,0.05,0.604836,1.92
pima_TRUE_55_variant1,32,0.0,0.1,0.621455,1.92
pima_TRUE_55_variant1,32,0.0,0.2,0.616582,1.92
pima_TRUE_55_variant1,32,0.1,0.01,0.5788,2.16
pima_TRUE_55_variant1,32,0.1,0.05,0.5652,2.16
pima_TRUE_55_variant1,32,0.1,0.1,0.578255,2.16
pima_TRUE_55_variant1,32,0.1,0.2,0.599309,2.16
pima_TRUE_55_variant1,32,1.0,0.01,0.525855,2.04
pima_TRUE_55_variant1,32,1.0,0.05,0.514727,2.04
pima_TRUE_55_variant1,32,1.0,0.1,0.538655,2.04
pima_TRUE_55_variant1,32,1.0,0.2,0.566655,2.04
pima_TRUE_55_variant1,32,10.0,0.01,0.726436,2.2
pima_TRUE_55_variant1,32,10.0,0.05,0.680255,2.2
pima_TRUE_55_variant1,32,10.0,0.1,0.692836,2.2
pima_TRUE_55_variant1,32,10.0,0.2,0.716873,2.2
pima_TRUE_55_variant1,32,100.0,0.01,0.596655,2.18
pima_TRUE_55_variant1,32,100.0,0.05,0.596364,2.18
pima_TRUE_55_variant1,32,100.0,0.1,0.644691,2.18
pima_TRUE_55_variant1,32,100.0,0.2,0.693309,2.18
pima_TRUE_55_variant1,32,1000.0,0.01,0.571745,2.3
pima_TRUE_55_variant1,32,1000.0,0.05,0.568182,2.3
pima_TRUE_55_variant1,32,1000.0,0.1,0.620545,2.3
pima_TRUE_55_variant1,32,1000.0,0.2,0.674036,2.3
pima_TRUE_55_variant1,64,0.0,0.01,0.641709,2.31
pima_TRUE_55_variant1,64,0.0,0.05,0.626073,2.31
pima_TRUE_55_variant1,64,0.0,0.1,0.615927,2.31
pima_TRUE_55_variant1,64,0.0,0.2,0.620764,2.31
pima_TRUE_55_variant1,64,0.1,0.01,0.621236,2.44
pima_TRUE_55_variant1,64,0.1,0.05,0.616909,2.44
pima_TRUE_55_variant1,64,0.1,0.1,0.617273,2.44
pima_TRUE_55_variant1,64,0.1,0.2,0.625818,2.44
pima_TRUE_55_variant1,64,1.0,0.01,0.501127,2.04
pima_TRUE_55_variant1,64,1.0,0.05,0.534582,2.04
pima_TRUE_55_variant1,64,1.0,0.1,0.552764,2.04
pima_TRUE_55_variant1,64,1.0,0.2,0.581382,2.04
pima_TRUE_55_variant1,64,10.0,0.01,0.743273,2.23
pima_TRUE_55_variant1,64,10.0,0.05,0.678909,2.23
pima_TRUE_55_variant1,64,10.0,0.1,0.694109,2.23
pima_TRUE_55_variant1,64,10.0,0.2,0.712727,2.23
pima_TRUE_55_variant1,64,100.0,0.01,0.630909,2.35
pima_TRUE_55_variant1,64,100.0,0.05,0.593745,2.35
pima_TRUE_55_variant1,64,100.0,0.1,0.635309,2.35
pima_TRUE_55_variant1,64,100.0,0.2,0.673527,2.35
pima_TRUE_55_variant1,64,1000.0,0.01,0.5936,2.27
pima_TRUE_55_variant1,64,1000.0,0.05,0.573636,2.27
pima_TRUE_55_variant1,64,1000.0,0.1,0.6172,2.27
pima_TRUE_55_variant1,64,1000.0,0.2,0.661055,2.27
pima_TRUE_55_variant1,128,0.0,0.01,0.666,2.42
pima_TRUE_55_variant1,128,0.0,0.05,0.6524,2.42
pima_TRUE_55_variant1,128,0.0,0.1,0.626982,2.42
pima_TRUE_55_variant1,128,0.0,0.2,0.632073,2.42
pima_TRUE_55_variant1,128,0.1,0.01,0.646291,2.35
pima_TRUE_55_variant1,128,0.1,0.05,0.636255,2.35
pima_TRUE_55_variant1,128,0.1,0.1,0.626727,2.35
pima_TRUE_55_variant1,128,0.1,0.2,0.635455,2.35
pima_TRUE_55_variant1,128,1.0,0.01,0.518109,2.25
pima_TRUE_55_variant1,128,1.0,0.05,0.5632,2.25
pima_TRUE_55_variant1,128,1.0,0.1,0.585164,2.25
pima_TRUE_55_variant1,128,1.0,0.2,0.601491,2.25
pima_TRUE_55_variant1,128,10.0,0.01,0.739418,2.32
pima_TRUE_55_variant1,128,10.0,0.05,0.695927,2.32
pima_TRUE_55_variant1,128,10.0,0.1,0.699564,2.32
pima_TRUE_55_variant1,128,10.0,0.2,0.722727,2.32
pima_TRUE_55_variant1,128,100.0,0.01,0.619782,2.22
pima_TRUE_55_variant1,128,100.0,0.05,0.5976,2.22
pima_TRUE_55_variant1,128,100.0,0.1,0.636982,2.22
pima_TRUE_55_variant1,128,100.0,0.2,0.668836,2.22
pima_TRUE_55_variant1,128,1000.0,0.01,0.591455,2.41
pima_TRUE_55_variant1,128,1000.0,0.05,0.577855,2.41
pima_TRUE_55_variant1,128,1000.0,0.1,0.617855,2.41
pima_TRUE_55_variant1,128,1000.0,0.2,0.654,2.41
pima_TRUE_55_variant1,256,0.0,0.01,0.6508,2.44
pima_TRUE_55_variant1,256,0.0,0.05,0.647091,2.44
pima_TRUE_55_variant1,256,0.0,0.1,0.616764,2.44
pima_TRUE_55_variant1,256,0.0,0.2,0.614836,2.44
pima_TRUE_55_variant1,256,0.1,0.01,0.616545,2.22
pima_TRUE_55_variant1,256,0.1,0.05,0.612655,2.22
pima_TRUE_55_variant1,256,0.1,0.1,0.618582,2.22
pima_TRUE_55_variant1,256,0.1,0.2,0.618182,2.22
pima_TRUE_55_variant1,256,1.0,0.01,0.523491,2.12
pima_TRUE_55_variant1,256,1.0,0.05,0.547673,2.12
pima_TRUE_55_variant1,256,1.0,0.1,0.571236,2.12
pima_TRUE_55_variant1,256,1.0,0.2,0.591709,2.12
pima_TRUE_55_variant1,256,10.0,0.01,0.742509,2.23
pima_TRUE_55_variant1,256,10.0,0.05,0.700727,2.23
pima_TRUE_55_variant1,256,10.0,0.1,0.707164,2.23
pima_TRUE_55_variant1,256,10.0,0.2,0.731418,2.23
pima_TRUE_55_variant1,256,100.0,0.01,0.6052,2.23
pima_TRUE_55_variant1,256,100.0,0.05,0.6056,2.23
pima_TRUE_55_variant1,256,100.0,0.1,0.638145,2.23
pima_TRUE_55_variant1,256,100.0,0.2,0.672,2.23
pima_TRUE_55_variant1,256,1000.0,0.01,0.578473,2.1
pima_TRUE_55_variant1,256,1000.0,0.05,0.583091,2.1
pima_TRUE_55_variant1,256,1000.0,0.1,0.622473,2.1
pima_TRUE_55_variant1,256,1000.0,0.2,0.657455,2.1
sonar_M_10_variant1,16,0.0,0.01,0.692784,2.2
sonar_M_10_variant1,16,0.0,0.05,0.803093,2.2
sonar_M_10_variant1,16,0.0,0.1,0.735052,2.2
sonar_M_10_variant1,16,0.0,0.2,0.76701,2.2
sonar_M_10_variant1,16,0.1,0.01,0.435052,2.23
sonar_M_10_variant1,16,0.1,0.05,0.476289,2.23
sonar_M_10_variant1,16,0.1,0.1,0.492784,2.23
sonar_M_10_variant1,16,0.1,0.2,0.475258,2.23
sonar_M_10_variant1,16,1.0,0.01,0.698969,2.13
sonar_M_10_variant1,16,1.0,0.05,0.694845,2.13
sonar_M_10_variant1,16,1.0,0.1,0.724742,2.13
sonar_M_10_variant1,16,1.0,0.2,0.812371,2.13
sonar_M_10_variant1,16,10.0,0.01,1.0,2.08
sonar_M_10_variant1,16,10.0,0.05,1.0,2.08
sonar_M_10_variant1,16,10.0,0.1,1.0,2.08
sonar_M_10_variant1,16,10.0,0.2,0.998969,2.08
sonar_M_10_variant1,16,100.0,0.01,1.0,2.23
sonar_M_10_variant1,16,100.0,0.05,1.0,2.23
sonar_M_10_variant1,16,100.0,0.1,1.0,2.23
sonar_M_10_variant1,16,100.0,0.2,0.997938,2.23
sonar_M_10_variant1,16,1000.0,0.01,1.0,2.19
sonar_M_10_variant1,16,1000.0,0.05,1.0,2.19
sonar_M_10_variant1,16,1000.0,0.1,1.0,2.19
sonar_M_10_variant1,16,1000.0,0.2,0.997938,2.19
sonar_M_10_variant1,32,0.0,0.01,0.496907,2.02
sonar_M_10_variant1,32,0.0,0.05,0.660825,2.02
sonar_M_10_variant1,32,0.0,0.1,0.537113,2.02
sonar_M_10_variant1,32,0.0,0.2,0.737113,2.02
sonar_M_10_variant1,32,0.1,0.01,0.617526,2.07
sonar_M_10_variant1,32,0.1,0.05,0.618557,2.07
sonar_M_10_variant1,32,0.1,0.1,0.650515,2.07
sonar_M_10_variant1,32,0.1,0.2,0.734021,2.07
sonar_M_10_variant1,32,1.0,0.01,0.569072,2.28
sonar_M_10_variant1,32,1.0,0.05,0.625773,2.28
sonar_M_10_variant1,32,1.0,0.1,0.678351,2.28
sonar_M_10_variant1,32,1.0,0.2,0.795876,2.28
sonar_M_10_variant1,32,10.0,0.01,1.0,2.14
sonar_M_10_variant1,32,10.0,0.05,1.0,2.14
sonar_M_10_variant1,32,10.0,0.1,1.0,2.14
sonar_M_10_variant1,32,10.0,0.2,1.0,2.14
sonar_M_10_variant1,32,100.0,0.01,1.0,2.52
sonar_M_10_variant1,32,100.0,0.05,1.0,2.52
sonar_M_10_variant1,32,100.0,0.1,1.0,2.52
sonar_M_10_variant1,32,100.0,0.2,1.0,2.52
sonar_M_10_variant1,32,1000.0,0.01,1.0,2.6
sonar_M_10_variant1,32,1000.0,0.05,1.0,2.6
sonar_M_10_variant1,32,1000.0,0.1,1.0,2.6
sonar_M_10_variant1,32,1000.0,0.2,1.0,2.6
sonar_M_10_variant1,64,0.0,0.01,0.302062,2.4
sonar_M_10_variant1,64,0.0,0.05,0.524742,2.4
sonar_M_10_variant1,64,0.0,0.1,0.552577,2.4
sonar_M_10_variant1,64,0.0,0.2,0.537113,2.4
sonar_M_10_variant1,64,0.1,0.01,0.595876,2.66
sonar_M_10_variant1,64,0.1,0.05,0.602062,2.66
sonar_M_10_variant1,64,0.1,0.1,0.58866,2.66
sonar_M_10_variant1,64,0.1,0.2,0.621649,2.66
sonar_M_10_variant1,64,1.0,0.01,0.708247,2.51
sonar_M_10_variant1,64,1.0,0.05,0.702062,2.51
sonar_M_10_variant1,64,1.0,0.1,0.76701,2.51
sonar_M_10_variant1,64,1.0,0.2,0.860825,2.51
sonar_M_10_variant1,64,10.0,0.01,1.0,2.4
sonar_M_10_variant1,64,10.0,0.05,1.0,2.4
sonar_M_10_variant1,64,10.0,0.1,1.0,2.4
sonar_M_10_variant1,64,10.0,0.2,1.0,2.4
sonar_M_10_variant1,64,100.0,0.01,0.998969,2.43
sonar_M_10_variant1,64,100.0,0.05,1.0,2.43
sonar_M_10_variant1,64,100.0,0.1,1.0,2.43
sonar_M_10_variant1,64,100.0,0.2,1.0,2.43
sonar_M_10_variant1,64,1000.0,0.01,0.998969,2.34
sonar_M_10_variant1,64,1000.0,0.05,1.0,2.34
sonar_M_10_variant1,64,1000.0,0.1,1.0,2.34
sonar_M_10_variant1,64,1000.0,0.2,1.0,2.34
sonar_M_10_variant1,128,0.0,0.01,0.761856,2.37
sonar_M_10_variant1,128,0.0,0.05,0.575258,2.37
sonar_M_10_variant1,128,0.0,0.1,0.527835,2.37
sonar_M_10_variant1,128,0.0,0.2,0.457732,2.37
sonar_M_10_variant1,128,0.1,0.01,0.589691,2.68
sonar_M_10_variant1,128,0.1,0.05,0.598969,2.68
sonar_M_10_variant1,128,0.1,0.1,0.553608,2.68
sonar_M_10_variant1,128,0.1,0.2,0.579381,2.68
sonar_M_10_variant1,128,1.0,0.01,0.672165,2.41
sonar_M_10_variant1,128,1.0,0.05,0.71134,2.41
sonar_M_10_variant1,128,1.0,0.1,0.703093,2.41
sonar_M_10_variant1,128,1.0,0.2,0.856701,2.41
sonar_M_10_variant1,128,10.0,0.01,1.0,2.31
sonar_M_10_variant1,128,10.0,0.05,1.0,2.31
sonar_M_10_variant1,128,10.0,0.1,1.0,2.31
sonar_M_10_variant1,128,10.0,0.2,1.0,2.31
sonar_M_10_variant1,128,100.0,0.01,0.998969,2.1
sonar_M_10_variant1,128,100.0,0.05,1.0,2.1
sonar_M_10_variant1,128,100.0,0.1,0.998969,2.1
sonar_M_10_variant1,128,100.0,0.2,0.997938,2.1
sonar_M_10_variant1,128,1000.0,0.01,0.997938,2.16
sonar_M_10_variant1,128,1000.0,0.05,1.0,2.16
sonar_M_10_variant1,128,1000.0,0.1,0.998969,2.16
sonar_M_10_variant1,128,1000.0,0.2,0.997938,2.16
sonar_M_10_variant1,256,0.0,0.01,0.438144,2.15
sonar_M_10_variant1,256,0.0,0.05,0.592784,2.15
sonar_M_10_variant1,256,0.0,0.1,0.631959,2.15
sonar_M_10_variant1,256,0.0,0.2,0.450515,2.15
sonar_M_10_variant1,256,0.1,0.01,0.563918,2.25
sonar_M_10_variant1,256,0.1,0.05,0.584536,2.25
sonar_M_10_variant1,256,0.1,0.1,0.579381,2.25
sonar_M_10_variant1,256,0.1,0.2,0.624742,2.25
sonar_M_10_variant1,256,1.0,0.01,0.668041,2.31
sonar_M_10_variant1,256,1.0,0.05,0.706186,2.31
sonar_M_10_variant1,256,1.0,0.1,0.705155,2.31
sonar_M_10_variant1,256,1.0,0.2,0.852577,2.31
sonar_M_10_variant1,256,10.0,0.01,1.0,2.17
sonar_M_10_variant1,256,10.0,0.05,1.0,2.17
sonar_M_10_variant1,256,10.0,0.1,1.0,2.17
sonar_M_10_variant1,256,10.0,0.2,1.0,2.17
sonar_M_10_variant1,256,100.0,0.01,1.0,2.32
sonar_M_10_variant1,256,100.0,0.05,1.0,2.32
sonar_M_10_variant1,256,100.0,0.1,0.998969,2.32
sonar_M_10_variant1,256,100.0,0.2,0.998969,2.32
sonar_M_10_variant1,256,1000.0,0.01,1.0,2.34
sonar_M_10_variant1,256,1000.0,0.05,1.0,2.34
sonar_M_10_variant1,256,1000.0,0.1,0.998969,2.34
sonar_M_10_variant1,256,1000.0,0.2,0.998969,2.34
spambase_spam_56_variant1,16,0.0,0.01,0.553969,12.7
spambase_spam_56_variant1,16,0.0,0.05,0.441202,12.7
spambase_spam_56_variant1,16,0.0,0.1,0.395675,12.7
spambase_spam_56_variant1,16,0.0,0.2,0.466348,12.7
spambase_spam_56_variant1,16,0.1,0.01,0.394779,14.29
spambase_spam_56_variant1,16,0.1,0.05,0.375378,14.29
spambase_spam_56_variant1,16,0.1,0.1,0.407326,14.29
spambase_spam_56_variant1,16,0.1,0.2,0.511945,14.29
spambase_spam_56_variant1,16,1.0,0.01,0.387342,14.87
spambase_spam_56_variant1,16,1.0,0.05,0.482322,14.87
spambase_spam_56_variant1,16,1.0,0.1,0.509396,14.87
spambase_spam_56_variant1,16,1.0,0.2,0.547442,14.87
spambase_spam_56_variant1,16,10.0,0.01,0.502261,14.03
spambase_spam_56_variant1,16,10.0,0.05,0.557651,14.03
spambase_spam_56_variant1,16,10.0,0.1,0.581901,14.03
spambase_spam_56_variant1,16,10.0,0.2,0.624052,14.03
spambase_spam_56_variant1,16,100.0,0.01,0.56569,14.36
spambase_spam_56_variant1,16,100.0,0.05,0.611895,14.36
spambase_spam_56_variant1,16,100.0,0.1,0.643254,14.36
spambase_spam_56_variant1,16,100.0,0.2,0.637368,14.36
spambase_spam_56_variant1,16,1000.0,0.01,0.595217,15.2
spambase_spam_56_variant1,16,1000.0,0.05,0.62591,15.2
spambase_spam_56_variant1,16,1000.0,0.1,0.630534,15.2
spambase_spam_56_variant1,16,1000.0,0.2,0.634082,15.2
spambase_spam_56_variant1,32,0.0,0.01,0.234,14.91
spambase_spam_56_variant1,32,0.0,0.05,0.437276,14.91
spambase_spam_56_variant1,32,0.0,0.1,0.472612,14.91
spambase_spam_56_variant1,32,0.0,0.2,0.551528,14.91
spambase_spam_56_variant1,32,0.1,0.01,0.331773,12.82
spambase_spam_56_variant1,32,0.1,0.05,0.513803,12.82
spambase_spam_56_variant1,32,0.1,0.1,0.584002,12.82
spambase_spam_56_variant1,32,0.1,0.2,0.622355,12.82
spambase_spam_56_variant1,32,1.0,0.01,0.401062,12.73
spambase_spam_56_variant1,32,1.0,0.05,0.454512,12.73
spambase_spam_56_variant1,32,1.0,0.1,0.492237,12.73
spambase_spam_56_variant1,32,1.0,0.2,0.536342,12.73
spambase_spam_56_variant1,32,10.0,0.01,0.498207,15.03
spambase_spam_56_variant1,32,10.0,0.05,0.558375,15.03
spambase_spam_56_variant1,32,10.0,0.1,0.576565,15.03
spambase_spam_56_variant1,32,10.0,0.2,0.62026,15.03
spambase_spam_56_variant1,32,100.0,0.01,0.505162,14.19
spambase_spam_56_variant1,32,100.0,0.05,0.53989,14.19
spambase_spam_56_variant1,32,100.0,0.1,0.579288,14.19
spambase_spam_56_variant1,32,100.0,0.2,0.628843,14.19
spambase_spam_56_variant1,32,1000.0,0.01,0.691612,12.66
spambase_spam_56_variant1,32,1000.0,0.05,0.667356,12.66
spambase_spam_56_variant1,32,1000.0,0.1,0.671398,12.66
spambase_spam_56_variant1,32,1000.0,0.2,0.660958,12.66
spambase_spam_56_variant1,64,0.0,0.01,0.381572,11.38
spambase_spam_56_variant1,64,0.0,0.05,0.502043,11.38
spambase_spam_56_variant1,64,0.0,0.1,0.529034,11.38
spambase_spam_56_variant1,64,0.0,0.2,0.508768,11.38
spambase_spam_56_variant1,64,0.1,0.01,0.448632,14.31
spambase_spam_56_variant1,64,0.1,0.05,0.537181,14.31
spambase_spam_56_variant1,64,0.1,0.1,0.657954,14.31
spambase_spam_56_variant1,64,0.1,0.2,0.698811,14.31
spambase_spam_56_variant1,64,1.0,0.01,0.414109,14.21
spambase_spam_56_variant1,64,1.0,0.05,0.466476,14.21
spambase_spam_56_variant1,64,1.0,0.1,0.506776,14.21
spambase_spam_56_variant1,64,1.0,0.2,0.559227,14.21
spambase_spam_56_variant1,64,10.0,0.01,0.506885,12.97
spambase_spam_56_variant1,64,10.0,0.05,0.561155,12.97
spambase_spam_56_variant1,64,10.0,0.1,0.589465,12.97
spambase_spam_56_variant1,64,10.0,0.2,0.627146,12.97
spambase_spam_56_variant1,64,100.0,0.01,0.53068,12.71
spambase_spam_56_variant1,64,100.0,0.05,0.575694,12.71
spambase_spam_56_variant1,64,100.0,0.1,0.628856,12.71
spambase_spam_56_variant1,64,100.0,0.2,0.681383,12.71
spambase_spam_56_variant1,64,1000.0,0.01,0.652138,13.24
spambase_spam_56_variant1,64,1000.0,0.05,0.660573,13.24
spambase_spam_56_variant1,64,1000.0,0.1,0.659632,13.24
spambase_spam_56_variant1,64,1000.0,0.2,0.66352,13.24
spambase_spam_56_variant1,128,0.0,0.01,0.457189,13.59
spambase_spam_56_variant1,128,0.0,0.05,0.505034,13.59
spambase_spam_56_variant1,128,0.0,0.1,0.525735,13.59
spambase_spam_56_variant1,128,0.0,0.2,0.567842,13.59
spambase_spam_56_variant1,128,0.1,0.01,0.460539,13.03
spambase_spam_56_variant1,128,0.1,0.05,0.51894,13.03
spambase_spam_56_variant1,128,0.1,0.1,0.55883,13.03
spambase_spam_56_variant1,128,0.1,0.2,0.67248,13.03
spambase_spam_56_variant1,128,1.0,0.01,0.43864,12.96
spambase_spam_56_variant1,128,1.0,0.05,0.479004,12.96
spambase_spam_56_variant1,128,1.0,0.1,0.51233,12.96
spambase_spam_56_variant1,128,1.0,0.2,0.552591,12.96
spambase_spam_56_variant1,128,10.0,0.01,0.504387,12.74
spambase_spam_56_variant1,128,10.0,0.05,0.56029,12.74
spambase_spam_56_variant1,128,10.0,0.1,0.581363,12.74
spambase_spam_56_variant1,128,10.0,0.2,0.624513,12.74
spambase_spam_56_variant1,128,100.0,0.01,0.541709,14.07
spambase_spam_56_variant1,128,100.0,0.05,0.594647,14.07
spambase_spam_56_variant1,128,100.0,0.1,0.60036,14.07
spambase_spam_56_variant1,128,100.0,0.2,0.652036,14.07
spambase_spam_56_variant1,128,1000.0,0.01,0.568213,13.7
spambase_spam_56_variant1,128,1000.0,0.05,0.623373,13.7
spambase_spam_56_variant1,128,1000.0,0.1,0.639866,13.7
spambase_spam_56_variant1,128,1000.0,0.2,0.660055,13.7
spambase_spam_56_variant1,256,0.0,0.01,0.379861,12.71
spambase_spam_56_variant1,256,0.0,0.05,0.474476,12.71
spambase_spam_56_variant1,256,0.0,0.1,0.566305,12.71
spambase_spam_56_variant1,256,0.0,0.2,0.543464,12.71
spambase_spam_56_variant1,256,0.1,0.01,0.478076,12.89
spambase_spam_56_variant1,256,0.1,0.05,0.514655,12.89
spambase_spam_56_variant1,256,0.1,0.1,0.537802,12.89
spambase_spam_56_variant1,256,0.1,0.2,0.619569,12.89
spambase_spam_56_variant1,256,1.0,0.01,0.413872,14.39
spambase_spam_56_variant1,256,1.0,0.05,0.470716,14.39
spambase_spam_56_variant1,256,1.0,0.1,0.501966,14.39
spambase_spam_56_variant1,256,1.0,0.2,0.541492,14.39
spambase_spam_56_variant1,256,10.0,0.01,0.501979,14.28
spambase_spam_56_variant1,256,10.0,0.05,0.557888,14.28
spambase_spam_56_variant1,256,10.0,0.1,0.581023,14.28
spambase_spam_56_variant1,256,10.0,0.2,0.620574,14.28
spambase_spam_56_variant1,256,100.0,0.01,0.550343,14.41
spambase_spam_56_variant1,256,100.0,0.05,0.566638,14.41
spambase_spam_56_variant1,256,100.0,0.1,0.610544,14.41
spambase_spam_56_variant1,256,100.0,0.2,0.66286,14.41
spambase_spam_56_variant1,256,1000.0,0.01,0.645291,15.13
spambase_spam_56_variant1,256,1000.0,0.05,0.639245,15.13
spambase_spam_56_variant1,256,1000.0,0.1,0.646585,15.13
spambase_spam_56_variant1,256,1000.0,0.2,0.657461,15.13
thyroid_disease_variant1,16,0.0,0.01,0.69047,40.1
thyroid_disease_variant1,16,0.0,0.05,0.668078,40.1
thyroid_disease_variant1,16,0.0,0.1,0.633258,40.1
thyroid_disease_variant1,16,0.0,0.2,0.590581,40.1
thyroid_disease_variant1,16,0.1,0.01,0.697954,43.34
thyroid_disease_variant1,16,0.1,0.05,0.673867,43.34
thyroid_disease_variant1,16,0.1,0.1,0.638419,43.34
thyroid_disease_variant1,16,0.1,0.2,0.571698,43.34
thyroid_disease_variant1,16,1.0,0.01,0.578142,41.93
thyroid_disease_variant1,16,1.0,0.05,0.572949,41.93
thyroid_disease_variant1,16,1.0,0.1,0.571042,41.93
thyroid_disease_variant1,16,1.0,0.2,0.552135,41.93
thyroid_disease_variant1,16,10.0,0.01,0.537062,40.5
thyroid_disease_variant1,16,10.0,0.05,0.474896,40.5
thyroid_disease_variant1,16,10.0,0.1,0.471687,40.5
thyroid_disease_variant1,16,10.0,0.2,0.470381,40.5
thyroid_disease_variant1,16,100.0,0.01,0.548102,41.32
thyroid_disease_variant1,16,100.0,0.05,0.513197,41.32
thyroid_disease_variant1,16,100.0,0.1,0.504749,41.32
thyroid_disease_variant1,16,100.0,0.2,0.496517,41.32
thyroid_disease_variant1,16,1000.0,0.01,0.582988,41.85
thyroid_disease_variant1,16,1000.0,0.05,0.555385,41.85
thyroid_disease_variant1,16,1000.0,0.1,0.541723,41.85
thyroid_disease_variant1,16,1000.0,0.2,0.536389,41.85
thyroid_disease_variant1,32,0.0,0.01,0.645017,38.16
thyroid_disease_variant1,32,0.0,0.05,0.627068,38.16
thyroid_disease_variant1,32,0.0,0.1,0.603496,38.16
thyroid_disease_variant1,32,0.0,0.2,0.544814,38.16
thyroid_disease_variant1,32,0.1,0.01,0.657411,44.12
thyroid_disease_variant1,32,0.1,0.05,0.623037,44.12
thyroid_disease_variant1,32,0.1,0.1,0.616407,44.12
thyroid_disease_variant1,32,0.1,0.2,0.568699,44.12
thyroid_disease_variant1,32,1.0,0.01,0.566157,47.45
thyroid_disease_variant1,32,1.0,0.05,0.574139,47.45
thyroid_disease_variant1,32,1.0,0.1,0.577424,47.45
thyroid_disease_variant1,32,1.0,0.2,0.567343,47.45
thyroid_disease_variant1,32,10.0,0.01,0.531164,42.8
thyroid_disease_variant1,32,10.0,0.05,0.476939,42.8
thyroid_disease_variant1,32,10.0,0.1,0.473753,42.8
thyroid_disease_variant1,32,10.0,0.2,0.474715,42.8
thyroid_disease_variant1,32,100.0,0.01,0.532636,39.77
thyroid_disease_variant1,32,100.0,0.05,0.462706,39.77
thyroid_disease_variant1,32,100.0,0.1,0.450271,39.77
thyroid_disease_variant1,32,100.0,0.2,0.443948,39.77
thyroid_disease_variant1,32,1000.0,0.01,0.575905,39.87
thyroid_disease_variant1,32,1000.0,0.05,0.551724,39.87
thyroid_disease_variant1,32,1000.0,0.1,0.543232,39.87
thyroid_disease_variant1,32,1000.0,0.2,0.539404,39.87
thyroid_disease_variant1,64,0.0,0.01,0.684463,38.37
thyroid_disease_variant1,64,0.0,0.05,0.647114,38.37
thyroid_disease_variant1,64,0.0,0.1,0.620001,38.37
thyroid_disease_variant1,64,0.0,0.2,0.558274,38.37
thyroid_disease_variant1,64,0.1,0.01,0.669451,39.23
thyroid_disease_variant1,64,0.1,0.05,0.642156,39.23
thyroid_disease_variant1,64,0.1,0.1,0.619845,39.23
thyroid_disease_variant1,64,0.1,0.2,0.559336,39.23
thyroid_disease_variant1,64,1.0,0.01,0.56798,39.46
thyroid_disease_variant1,64,1.0,0.05,0.574462,39.46
thyroid_disease_variant1,64,1.0,0.1,0.581518,39.46
thyroid_disease_variant1,64,1.0,0.2,0.570391,39.46
thyroid_disease_variant1,64,10.0,0.01,0.483525,41.66
thyroid_disease_variant1,64,10.0,0.05,0.4541,41.66
thyroid_disease_variant1,64,10.0,0.1,0.456918,41.66
thyroid_disease_variant1,64,10.0,0.2,0.458946,41.66
thyroid_disease_variant1,64,100.0,0.01,0.527707,44.22
thyroid_disease_variant1,64,100.0,0.05,0.475003,44.22
thyroid_disease_variant1,64,100.0,0.1,0.467675,44.22
thyroid_disease_variant1,64,100.0,0.2,0.464513,44.22
thyroid_disease_variant1,64,1000.0,0.01,0.510882,39.42
thyroid_disease_variant1,64,1000.0,0.05,0.520728,39.42
thyroid_disease_variant1,64,1000.0,0.1,0.525469,39.42
thyroid_disease_variant1,64,1000.0,0.2,0.528307,39.42
thyroid_disease_variant1,128,0.0,0.01,0.64779,37.81
thyroid_disease_variant1,128,0.0,0.05,0.636895,37.81
thyroid_disease_variant1,128,0.0,0.1,0.609169,37.81
thyroid_disease_variant1,128,0.0,0.2,0.534968,37.81
thyroid_disease_variant1,128,0.1,0.01,0.660613,39.8
thyroid_disease_variant1,128,0.1,0.05,0.645509,39.8
thyroid_disease_variant1,128,0.1,0.1,0.625917,39.8
thyroid_disease_variant1,128,0.1,0.2,0.572303,39.8
thyroid_disease_variant1,128,1.0,0.01,0.57022,39.48
thyroid_disease_variant1,128,1.0,0.05,0.578168,39.48
thyroid_disease_variant1,128,1.0,0.1,0.583767,39.48
thyroid_disease_variant1,128,1.0,0.2,0.569077,39.48
thyroid_disease_variant1,128,10.0,0.01,0.497059,41.21
thyroid_disease_variant1,128,10.0,0.05,0.482865,41.21
thyroid_disease_variant1,128,10.0,0.1,0.486408,41.21
thyroid_disease_variant1,128,10.0,0.2,0.488602,41.21
thyroid_disease_variant1,128,100.0,0.01,0.511219,42.17
thyroid_disease_variant1,128,100.0,0.05,0.492192,42.17
thyroid_disease_variant1,128,100.0,0.1,0.492309,42.17
thyroid_disease_variant1,128,100.0,0.2,0.493132,42.17
thyroid_disease_variant1,128,1000.0,0.01,0.53431,45.95
thyroid_disease_variant1,128,1000.0,0.05,0.542627,45.95
thyroid_disease_variant1,128,1000.0,0.1,0.545421,45.95
thyroid_disease_variant1,128,1000.0,0.2,0.547747,45.95
thyroid_disease_variant1,256,0.0,0.01,0.632307,40.57
thyroid_disease_variant1,256,0.0,0.05,0.628469,40.57
thyroid_disease_variant1,256,0.0,0.1,0.605179,40.57
thyroid_disease_variant1,256,0.0,0.2,0.536912,40.57
thyroid_disease_variant1,256,0.1,0.01,0.638384,43.32
thyroid_disease_variant1,256,0.1,0.05,0.640727,43.32
thyroid_disease_variant1,256,0.1,0.1,0.62472,43.32
thyroid_disease_variant1,256,0.1,0.2,0.573891,43.32
thyroid_disease_variant1,256,1.0,0.01,0.57151,41.24
thyroid_disease_variant1,256,1.0,0.05,0.580485,41.24
thyroid_disease_variant1,256,1.0,0.1,0.584787,41.24
thyroid_disease_variant1,256,1.0,0.2,0.569675,41.24
thyroid_disease_variant1,256,10.0,0.01,0.493843,40.21
thyroid_disease_variant1,256,10.0,0.05,0.472952,40.21
thyroid_disease_variant1,256,10.0,0.1,0.474653,40.21
thyroid_disease_variant1,256,10.0,0.2,0.474423,40.21
thyroid_disease_variant1,256,100.0,0.01,0.54457,43.92
thyroid_disease_variant1,256,100.0,0.05,0.514825,43.92
thyroid_disease_variant1,256,100.0,0.1,0.509312,43.92
thyroid_disease_variant1,256,100.0,0.2,0.507054,43.92
thyroid_disease_variant1,256,1000.0,0.01,0.558568,39.71
thyroid_disease_variant1,256,1000.0,0.05,0.523602,39.71
thyroid_disease_variant1,256,1000.0,0.1,0.522234,39.71
thyroid_disease_variant1,256,1000.0,0.2,0.51955,39.71
waveform_0_100_variant1,16,0.0,0.01,0.519686,14.49
waveform_0_100_variant1,16,0.0,0.05,0.527287,14.49
waveform_0_100_variant1,16,0.0,0.1,0.500894,14.49
waveform_0_100_variant1,16,0.0,0.2,0.464858,14.49
waveform_0_100_variant1,16,0.1,0.01,0.502525,15.87
waveform_0_100_variant1,16,0.1,0.05,0.480556,15.87
waveform_0_100_variant1,16,0.1,0.1,0.47469,15.87
waveform_0_100_variant1,16,0.1,0.2,0.455935,15.87
waveform_0_100_variant1,16,1.0,0.01,0.743129,16.96
waveform_0_100_variant1,16,1.0,0.05,0.711888,16.96
waveform_0_100_variant1,16,1.0,0.1,0.678756,16.96
waveform_0_100_variant1,16,1.0,0.2,0.663302,16.96
waveform_0_100_variant1,16,10.0,0.01,0.670494,15.53
waveform_0_100_variant1,16,10.0,0.05,0.616871,15.53
waveform_0_100_variant1,16,10.0,0.1,0.608121,15.53
waveform_0_100_variant1,16,10.0,0.2,0.605914,15.53
waveform_0_100_variant1,16,100.0,0.01,0.515019,15.11
waveform_0_100_variant1,16,100.0,0.05,0.515163,15.11
waveform_0_100_variant1,16,100.0,0.1,0.520577,15.11
waveform_0_100_variant1,16,100.0,0.2,0.521552,15.11
waveform_0_100_variant1,16,1000.0,0.01,0.511666,16.85
waveform_0_100_variant1,16,1000.0,0.05,0.517293,16.85
waveform_0_100_variant1,16,1000.0,0.1,0.519366,16.85
waveform_0_100_variant1,16,1000.0,0.2,0.519459,16.85
waveform_0_100_variant1,32,0.0,0.01,0.57676,16.59
waveform_0_100_variant1,32,0.0,0.05,0.533655,16.59
waveform_0_100_variant1,32,0.0,0.1,0.510841,16.59
waveform_0_100_variant1,32,0.0,0.2,0.471244,16.59
waveform_0_100_variant1,32,0.1,0.01,0.489007,14.82
waveform_0_100_variant1,32,0.1,0.05,0.464819,14.82
waveform_0_100_variant1,32,0.1,0.1,0.436656,14.82
waveform_0_100_variant1,32,0.1,0.2,0.421947,14.82
waveform_0_100_variant1,32,1.0,0.01,0.742073,14.82
waveform_0_100_variant1,32,1.0,0.05,0.70595,14.82
waveform_0_100_variant1,32,1.0,0.1,0.692109,14.82
waveform_0_100_variant1,32,1.0,0.2,0.663871,14.82
waveform_0_100_variant1,32,10.0,0.01,0.629575,17.08
waveform_0_100_variant1,32,10.0,0.05,0.604119,17.08
waveform_0_100_variant1,32,10.0,0.1,0.606877,17.08
waveform_0_100_variant1,32,10.0,0.2,0.609578,17.08
waveform_0_100_variant1,32,100.0,0.01,0.478465,16.65
waveform_0_100_variant1,32,100.0,0.05,0.490748,16.65
waveform_0_100_variant1,32,100.0,0.1,0.493506,16.65
waveform_0_100_variant1,32,100.0,0.2,0.49382,16.65
waveform_0_100_variant1,32,1000.0,0.01,0.507074,15.67
waveform_0_100_variant1,32,1000.0,0.05,0.516324,15.67
waveform_0_100_variant1,32,1000.0,0.1,0.521026,15.67
waveform_0_100_variant1,32,1000.0,0.2,0.523039,15.67
waveform_0_100_variant1,64,0.0,0.01,0.559372,15.08
waveform_0_100_variant1,64,0.0,0.05,0.506147,15.08
waveform_0_100_variant1,64,0.0,0.1,0.486258,15.08
waveform_0_100_variant1,64,0.0,0.2,0.453509,15.08
waveform_0_100_variant1,64,0.1,0.01,0.484502,16.21
waveform_0_100_variant1,64,0.1,0.05,0.441466,16.21
waveform_0_100_variant1,64,0.1,0.1,0.424236,16.21
waveform_0_100_variant1,64,0.1,0.2,0.419761,16.21
waveform_0_100_variant1,64,1.0,0.01,0.746279,15.78
waveform_0_100_variant1,64,1.0,0.05,0.710066,15.78
waveform_0_100_variant1,64,1.0,0.1,0.686793,15.78
waveform_0_100_variant1,64,1.0,0.2,0.656692,15.78
waveform_0_100_variant1,64,10.0,0.01,0.641095,16.33
waveform_0_100_variant1,64,10.0,0.05,0.589539,16.33
waveform_0_100_variant1,64,10.0,0.1,0.594149,16.33
waveform_0_100_variant1,64,10.0,0.2,0.592758,16.33
waveform_0_100_variant1,64,100.0,0.01,0.486943,17.1
waveform_0_100_variant1,64,100.0,0.05,0.498193,17.1
waveform_0_100_variant1,64,100.0,0.1,0.500622,17.1
waveform_0_100_variant1,64,100.0,0.2,0.503093,17.1
waveform_0_100_variant1,64,1000.0,0.01,0.489713,16.87
waveform_0_100_variant1,64,1000.0,0.05,0.496865,16.87
waveform_0_100_variant1,64,1000.0,0.1,0.499141,16.87
waveform_0_100_variant1,64,1000.0,0.2,0.500876,16.87
waveform_0_100_variant1,128,0.0,0.01,0.551244,14.02
waveform_0_100_variant1,128,0.0,0.05,0.517625,14.02
waveform_0_100_variant1,128,0.0,0.1,0.493455,14.02
waveform_0_100_variant1,128,0.0,0.2,0.459824,14.02
waveform_0_100_variant1,128,0.1,0.01,0.490835,14.72
waveform_0_100_variant1,128,0.1,0.05,0.440592,14.72
waveform_0_100_variant1,128,0.1,0.1,0.430281,14.72
waveform_0_100_variant1,128,0.1,0.2,0.413946,14.72
waveform_0_100_variant1,128,1.0,0.01,0.751442,16.58
waveform_0_100_variant1,128,1.0,0.05,0.711899,16.58
waveform_0_100_variant1,128,1.0,0.1,0.68245,16.58
waveform_0_100_variant1,128,1.0,0.2,0.656853,16.58
waveform_0_100_variant1,128,10.0,0.01,0.63551,16.37
waveform_0_100_variant1,128,10.0,0.05,0.593931,16.37
waveform_0_100_variant1,128,10.0,0.1,0.601561,16.37
waveform_0_100_variant1,128,10.0,0.2,0.598124,16.37
waveform_0_100_variant1,128,100.0,0.01,0.487768,14.72
waveform_0_100_variant1,128,100.0,0.05,0.498229,14.72
waveform_0_100_variant1,128,100.0,0.1,0.502309,14.72
waveform_0_100_variant1,128,100.0,0.2,0.503326,14.72
waveform_0_100_variant1,128,1000.0,0.01,0.483261,16.22
waveform_0_100_variant1,128,1000.0,0.05,0.495911,16.22
waveform_0_100_variant1,128,1000.0,0.1,0.499255,16.22
waveform_0_100_variant1,128,1000.0,0.2,0.5014,16.22
waveform_0_100_variant1,256,0.0,0.01,0.557733,15.71
waveform_0_100_variant1,256,0.0,0.05,0.505295,15.71
waveform_0_100_variant1,256,0.0,0.1,0.477655,15.71
waveform_0_100_variant1,256,0.0,0.2,0.446695,15.71
waveform_0_100_variant1,256,0.1,0.01,0.467948,15.65
waveform_0_100_variant1,256,0.1,0.05,0.428884,15.65
waveform_0_100_variant1,256,0.1,0.1,0.418762,15.65
waveform_0_100_variant1,256,0.1,0.2,0.405878,15.65
waveform_0_100_variant1,256,1.0,0.01,0.758471,15.97
waveform_0_100_variant1,256,1.0,0.05,0.713751,15.97
waveform_0_100_variant1,256,1.0,0.1,0.693168,15.97
waveform_0_100_variant1,256,1.0,0.2,0.665561,15.97
waveform_0_100_variant1,256,10.0,0.01,0.636533,16.72
waveform_0_100_variant1,256,10.0,0.05,0.592911,16.72
waveform_0_100_variant1,256,10.0,0.1,0.600598,16.72
waveform_0_100_variant1,256,10.0,0.2,0.596733,16.72
waveform_0_100_variant1,256,100.0,0.01,0.479399,15.33
waveform_0_100_variant1,256,100.0,0.05,0.492779,15.33
waveform_0_100_variant1,256,100.0,0.1,0.495734,15.33
waveform_0_100_variant1,256,100.0,0.2,0.496156,15.33
waveform_0_100_variant1,256,1000.0,0.01,0.480583,14.75
waveform_0_100_variant1,256,1000.0,0.05,0.493195,14.75
waveform_0_100_variant1,256,1000.0,0.1,0.496219,14.75
waveform_0_100_variant1,256,1000.0,0.2,0.497278,14.75
wbc_malignant_39_variant1,16,0.0,0.01,0.200277,2.43
wbc_malignant_39_variant1,16,0.0,0.05,0.277374,2.43
wbc_malignant_39_variant1,16,0.0,0.1,0.379533,2.43
wbc_malignant_39_variant1,16,0.0,0.2,0.477651,2.43
wbc_malignant_39_variant1,16,0.1,0.01,0.067799,2.25
wbc_malignant_39_variant1,16,0.1,0.05,0.22049,2.25
wbc_malignant_39_variant1,16,0.1,0.1,0.347309,2.25
wbc_malignant_39_variant1,16,0.1,0.2,0.454146,2.25
wbc_malignant_39_variant1,16,1.0,0.01,0.044583,2.56
wbc_malignant_39_variant1,16,1.0,0.05,0.190229,2.56
wbc_malignant_39_variant1,16,1.0,0.1,0.36654,2.56
wbc_malignant_39_variant1,16,1.0,0.2,0.453511,2.56
wbc_malignant_39_variant1,16,10.0,0.01,0.103084,2.18
wbc_malignant_39_variant1,16,10.0,0.05,0.113768,2.18
wbc_malignant_39_variant1,16,10.0,0.1,0.218642,2.18
wbc_malignant_39_variant1,16,10.0,0.2,0.313121,2.18
wbc_malignant_39_variant1,16,100.0,0.01,0.054054,2.39
wbc_malignant_39_variant1,16,100.0,0.05,0.092804,2.39
wbc_malignant_39_variant1,16,100.0,0.1,0.282687,2.39
wbc_malignant_39_variant1,16,100.0,0.2,0.390737,2.39
wbc_malignant_39_variant1,16,1000.0,0.01,0.349215,2.38
wbc_malignant_39_variant1,16,1000.0,0.05,0.277374,2.38
wbc_malignant_39_variant1,16,1000.0,0.1,0.480596,2.38
wbc_malignant_39_variant1,16,1000.0,0.2,0.491337,2.38
wbc_malignant_39_variant1,32,0.0,0.01,0.385193,2.53
wbc_malignant_39_variant1,32,0.0,0.05,0.334315,2.53
wbc_malignant_39_variant1,32,0.0,0.1,0.422961,2.53
wbc_malignant_39_variant1,32,0.0,0.2,0.495726,2.53
wbc_malignant_39_variant1,32,0.1,0.01,0.213791,2.44
wbc_malignant_39_variant1,32,0.1,0.05,0.253581,2.44
wbc_malignant_39_variant1,32,0.1,0.1,0.367002,2.44
wbc_malignant_39_variant1,32,0.1,0.2,0.480827,2.44
wbc_malignant_39_variant1,32,1.0,0.01,0.039905,2.37
wbc_malignant_39_variant1,32,1.0,0.05,0.275352,2.37
wbc_malignant_39_variant1,32,1.0,0.1,0.351871,2.37
wbc_malignant_39_variant1,32,1.0,0.2,0.470778,2.37
wbc_malignant_39_variant1,32,10.0,0.01,0.093382,2.34
wbc_malignant_39_variant1,32,10.0,0.05,0.158582,2.34
wbc_malignant_39_variant1,32,10.0,0.1,0.253061,2.34
wbc_malignant_39_variant1,32,10.0,0.2,0.35164,2.34
wbc_malignant_39_variant1,32,100.0,0.01,0.039212,2.36
wbc_malignant_39_variant1,32,100.0,0.05,0.049781,2.36
wbc_malignant_39_variant1,32,100.0,0.1,0.179776,2.36
wbc_malignant_39_variant1,32,100.0,0.2,0.393162,2.36
wbc_malignant_39_variant1,32,1000.0,0.01,0.230307,2.15
wbc_malignant_39_variant1,32,1000.0,0.05,0.446177,2.15
wbc_malignant_39_variant1,32,1000.0,0.1,0.40425,2.15
wbc_malignant_39_variant1,32,1000.0,0.2,0.568607,2.15
wbc_malignant_39_variant1,64,0.0,0.01,0.388658,2.15
wbc_malignant_39_variant1,64,0.0,0.05,0.339051,2.15
wbc_malignant_39_variant1,64,0.0,0.1,0.42377,2.15
wbc_malignant_39_variant1,64,0.0,0.2,0.489489,2.15
wbc_malignant_39_variant1,64,0.1,0.01,0.273447,2.27
wbc_malignant_39_variant1,64,0.1,0.05,0.252195,2.27
wbc_malignant_39_variant1,64,0.1,0.1,0.38681,2.27
wbc_malignant_39_variant1,64,0.1,0.2,0.440229,2.27
wbc_malignant_39_variant1,64,1.0,0.01,0.096962,2.2
wbc_malignant_39_variant1,64,1.0,0.05,0.224936,2.2
wbc_malignant_39_variant1,64,1.0,0.1,0.346962,2.2
wbc_malignant_39_variant1,64,1.0,0.2,0.441615,2.2
wbc_malignant_39_variant1,64,10.0,0.01,0.081312,2.05
wbc_malignant_39_variant1,64,10.0,0.05,0.132767,2.05
wbc_malignant_39_variant1,64,10.0,0.1,0.258258,2.05
wbc_malignant_39_variant1,64,10.0,0.2,0.374105,2.05
wbc_malignant_39_variant1,64,100.0,0.01,0.042158,2.1
wbc_malignant_39_variant1,64,100.0,0.05,0.049954,2.1
wbc_malignant_39_variant1,64,100.0,0.1,0.124971,2.1
wbc_malignant_39_variant1,64,100.0,0.2,0.308905,2.1
wbc_malignant_39_variant1,64,1000.0,0.01,0.278875,2.09
wbc_malignant_39_variant1,64,1000.0,0.05,0.542677,2.09
wbc_malignant_39_variant1,64,1000.0,0.1,0.390679,2.09
wbc_malignant_39_variant1,64,1000.0,0.2,0.496073,2.09
wbc_malignant_39_variant1,128,0.0,0.01,0.399111,2.08
wbc_malignant_39_variant1,128,0.0,0.05,0.370813,2.08
wbc_malignant_39_variant1,128,0.0,0.1,0.438207,2.08
wbc_malignant_39_variant1,128,0.0,0.2,0.524602,2.08
wbc_malignant_39_variant1,128,0.1,0.01,0.256641,2.11
wbc_malignant_39_variant1,128,0.1,0.05,0.277836,2.11
wbc_malignant_39_variant1,128,0.1,0.1,0.390679,2.11
wbc_malignant_39_variant1,128,0.1,0.2,0.459864,2.11
wbc_malignant_39_variant1,128,1.0,0.01,0.113017,2.19
wbc_malignant_39_variant1,128,1.0,0.05,0.26386,2.19
wbc_malignant_39_variant1,128,1.0,0.1,0.360418,2.19
wbc_malignant_39_variant1,128,1.0,0.2,0.45149,2.19
wbc_malignant_39_variant1,128,10.0,0.01,0.07571,2.17
wbc_malignant_39_variant1,128,10.0,0.05,0.138369,2.17
wbc_malignant_39_variant1,128,10.0,0.1,0.245611,2.17
wbc_malignant_39_variant1,128,10.0,0.2,0.346731,2.17
wbc_malignant_39_variant1,128,100.0,0.01,0.037076,2.15
wbc_malignant_39_variant1,128,100.0,0.05,0.06878,2.15
wbc_malignant_39_variant1,128,100.0,0.1,0.128205,2.15
wbc_malignant_39_variant1,128,100.0,0.2,0.283842,2.15
wbc_malignant_39_variant1,128,1000.0,0.01,0.202356,2.16
wbc_malignant_39_variant1,128,1000.0,0.05,0.468815,2.16
wbc_malignant_39_variant1,128,1000.0,0.1,0.37653,2.16
wbc_malignant_39_variant1,128,1000.0,0.2,0.447852,2.16
wbc_malignant_39_variant1,256,0.0,0.01,0.368676,2.03
wbc_malignant_39_variant1,256,0.0,0.05,0.347136,2.03
wbc_malignant_39_variant1,256,0.0,0.1,0.437688,2.03
wbc_malignant_39_variant1,256,0.0,0.2,0.518769,2.03
wbc_malignant_39_variant1,256,0.1,0.01,0.266863,2.37
wbc_malignant_39_variant1,256,0.1,0.05,0.322592,2.37
wbc_malignant_39_variant1,256,0.1,0.1,0.404366,2.37
wbc_malignant_39_variant1,256,0.1,0.2,0.475052,2.37
wbc_malignant_39_variant1,256,1.0,0.01,0.106433,2.76
wbc_malignant_39_variant1,256,1.0,0.05,0.183992,2.76
wbc_malignant_39_variant1,256,1.0,0.1,0.328136,2.76
wbc_malignant_39_variant1,256,1.0,0.2,0.396165,2.76
wbc_malignant_39_variant1,256,10.0,0.01,0.071841,2.67
wbc_malignant_39_variant1,256,10.0,0.05,0.132305,2.67
wbc_malignant_39_variant1,256,10.0,0.1,0.247228,2.67
wbc_malignant_39_variant1,256,10.0,0.2,0.366944,2.67
wbc_malignant_39_variant1,256,100.0,0.01,0.037711,2.31
wbc_malignant_39_variant1,256,100.0,0.05,0.073458,2.31
wbc_malignant_39_variant1,256,100.0,0.1,0.135077,2.31
wbc_malignant_39_variant1,256,100.0,0.2,0.298799,2.31
wbc_malignant_39_variant1,256,1000.0,0.01,0.164241,2.45
wbc_malignant_39_variant1,256,1000.0,0.05,0.399573,2.45
wbc_malignant_39_variant1,256,1000.0,0.1,0.338704,2.45
wbc_malignant_39_variant1,256,1000.0,0.2,0.431855,2.45
wdbc_M_39_variant1,16,0.0,0.01,0.61876,2.24
wdbc_M_39_variant1,16,0.0,0.05,0.605832,2.24
wdbc_M_39_variant1,16,0.0,0.1,0.663004,2.24
wdbc_M_39_variant1,16,0.0,0.2,0.713639,2.24
wdbc_M_39_variant1,16,0.1,0.01,0.826833,2.3
wdbc_M_39_variant1,16,0.1,0.05,0.786181,2.3
wdbc_M_39_variant1,16,0.1,0.1,0.83538,2.3
wdbc_M_39_variant1,16,0.1,0.2,0.819435,2.3
wdbc_M_39_variant1,16,1.0,0.01,0.870861,2.4
wdbc_M_39_variant1,16,1.0,0.05,0.813618,2.4
wdbc_M_39_variant1,16,1.0,0.1,0.841126,2.4
wdbc_M_39_variant1,16,1.0,0.2,0.828342,2.4
wdbc_M_39_variant1,16,10.0,0.01,0.860519,2.51
wdbc_M_39_variant1,16,10.0,0.05,0.874381,2.51
wdbc_M_39_variant1,16,10.0,0.1,0.885082,2.51
wdbc_M_39_variant1,16,10.0,0.2,0.875673,2.51
wdbc_M_39_variant1,16,100.0,0.01,0.935862,2.49
wdbc_M_39_variant1,16,100.0,0.05,0.914099,2.49
wdbc_M_39_variant1,16,100.0,0.1,0.922861,2.49
wdbc_M_39_variant1,16,100.0,0.2,0.923867,2.49
wdbc_M_39_variant1,16,1000.0,0.01,0.938878,2.41
wdbc_M_39_variant1,16,1000.0,0.05,0.914889,2.41
wdbc_M_39_variant1,16,1000.0,0.1,0.92437,2.41
wdbc_M_39_variant1,16,1000.0,0.2,0.925878,2.41
wdbc_M_39_variant1,32,0.0,0.01,0.611937,2.26
wdbc_M_39_variant1,32,0.0,0.05,0.502119,2.26
wdbc_M_39_variant1,32,0.0,0.1,0.611219,2.26
wdbc_M_39_variant1,32,0.0,0.2,0.615025,2.26
wdbc_M_39_variant1,32,0.1,0.01,0.725275,2.57
wdbc_M_39_variant1,32,0.1,0.05,0.761043,2.57
wdbc_M_39_variant1,32,0.1,0.1,0.799684,2.57
wdbc_M_39_variant1,32,0.1,0.2,0.776629,2.57
wdbc_M_39_variant1,32,1.0,0.01,0.7948,2.67
wdbc_M_39_variant1,32,1.0,0.05,0.801264,2.67
wdbc_M_39_variant1,32,1.0,0.1,0.819723,2.67
wdbc_M_39_variant1,32,1.0,0.2,0.808159,2.67
wdbc_M_39_variant1,32,10.0,0.01,0.892839,2.27
wdbc_M_39_variant1,32,10.0,0.05,0.877972,2.27
wdbc_M_39_variant1,32,10.0,0.1,0.890254,2.27
wdbc_M_39_variant1,32,10.0,0.2,0.881563,2.27
wdbc_M_39_variant1,32,100.0,0.01,0.912303,2.43
wdbc_M_39_variant1,32,100.0,0.05,0.920707,2.43
wdbc_M_39_variant1,32,100.0,0.1,0.920922,2.43
wdbc_M_39_variant1,32,100.0,0.2,0.924298,2.43
wdbc_M_39_variant1,32,1000.0,0.01,0.922574,2.31
wdbc_M_39_variant1,32,1000.0,0.05,0.923723,2.31
wdbc_M_39_variant1,32,1000.0,0.1,0.924442,2.31
wdbc_M_39_variant1,32,1000.0,0.2,0.924729,2.31
wdbc_M_39_variant1,64,0.0,0.01,0.677512,2.41
wdbc_M_39_variant1,64,0.0,0.05,0.630827,2.41
wdbc_M_39_variant1,64,0.0,0.1,0.59671,2.41
wdbc_M_39_variant1,64,0.0,0.2,0.674639,2.41
wdbc_M_39_variant1,64,0.1,0.01,0.766861,2.73
wdbc_M_39_variant1,64,0.1,0.05,0.731236,2.73
wdbc_M_39_variant1,64,0.1,0.1,0.795375,2.73
wdbc_M_39_variant1,64,0.1,0.2,0.80701,2.73
wdbc_M_39_variant1,64,1.0,0.01,0.803347,2.41
wdbc_M_39_variant1,64,1.0,0.05,0.781153,2.41
wdbc_M_39_variant1,64,1.0,0.1,0.797673,2.41
wdbc_M_39_variant1,64,1.0,0.2,0.800474,2.41
wdbc_M_39_variant1,64,10.0,0.01,0.897651,2.62
wdbc_M_39_variant1,64,10.0,0.05,0.917259,2.62
wdbc_M_39_variant1,64,10.0,0.1,0.908138,2.62
wdbc_M_39_variant1,64,10.0,0.2,0.888099,2.62
wdbc_M_39_variant1,64,100.0,0.01,0.913165,2.46
wdbc_M_39_variant1,64,100.0,0.05,0.92006,2.46
wdbc_M_39_variant1,64,100.0,0.1,0.925447,2.46
wdbc_M_39_variant1,64,100.0,0.2,0.928248,2.46
wdbc_M_39_variant1,64,1000.0,0.01,0.927674,2.36
wdbc_M_39_variant1,64,1000.0,0.05,0.92437,2.36
wdbc_M_39_variant1,64,1000.0,0.1,0.9299,2.36
wdbc_M_39_variant1,64,1000.0,0.2,0.933707,2.36
wdbc_M_39_variant1,128,0.0,0.01,0.707462,2.46
wdbc_M_39_variant1,128,0.0,0.05,0.502981,2.46
wdbc_M_39_variant1,128,0.0,0.1,0.561445,2.46
wdbc_M_39_variant1,128,0.0,0.2,0.62544,2.46
wdbc_M_39_variant1,128,0.1,0.01,0.732098,2.59
wdbc_M_39_variant1,128,0.1,0.05,0.683545,2.59
wdbc_M_39_variant1,128,0.1,0.1,0.731811,2.59
wdbc_M_39_variant1,128,0.1,0.2,0.749407,2.59
wdbc_M_39_variant1,128,1.0,0.01,0.791065,2.48
wdbc_M_39_variant1,128,1.0,0.05,0.780651,2.48
wdbc_M_39_variant1,128,1.0,0.1,0.787905,2.48
wdbc_M_39_variant1,128,1.0,0.2,0.779142,2.48
wdbc_M_39_variant1,128,10.0,0.01,0.897508,2.26
wdbc_M_39_variant1,128,10.0,0.05,0.929541,2.26
wdbc_M_39_variant1,128,10.0,0.1,0.920419,2.26
wdbc_M_39_variant1,128,10.0,0.2,0.91137,2.26
wdbc_M_39_variant1,128,100.0,0.01,0.892767,2.6
wdbc_M_39_variant1,128,100.0,0.05,0.917187,2.6
wdbc_M_39_variant1,128,100.0,0.1,0.924298,2.6
wdbc_M_39_variant1,128,100.0,0.2,0.926022,2.6
wdbc_M_39_variant1,128,1000.0,0.01,0.907204,2.61
wdbc_M_39_variant1,128,1000.0,0.05,0.921569,2.61
wdbc_M_39_variant1,128,1000.0,0.1,0.925663,2.61
wdbc_M_39_variant1,128,1000.0,0.2,0.927602,2.61
wdbc_M_39_variant1,256,0.0,0.01,0.69317,2.57
wdbc_M_39_variant1,256,0.0,0.05,0.633771,2.57
wdbc_M_39_variant1,256,0.0,0.1,0.587589,2.57
wdbc_M_39_variant1,256,0.0,0.2,0.625081,2.57
wdbc_M_39_variant1,256,0.1,0.01,0.75343,2.44
wdbc_M_39_variant1,256,0.1,0.05,0.700424,2.44
wdbc_M_39_variant1,256,0.1,0.1,0.769159,2.44
wdbc_M_39_variant1,256,0.1,0.2,0.755728,2.44
wdbc_M_39_variant1,256,1.0,0.01,0.801911,2.71
wdbc_M_39_variant1,256,1.0,0.05,0.780866,2.71
wdbc_M_39_variant1,256,1.0,0.1,0.801911,2.71
wdbc_M_39_variant1,256,1.0,0.2,0.800977,2.71
wdbc_M_39_variant1,256,10.0,0.01,0.887668,2.61
wdbc_M_39_variant1,256,10.0,0.05,0.929685,2.61
wdbc_M_39_variant1,256,10.0,0.1,0.922,2.61
wdbc_M_39_variant1,256,10.0,0.2,0.904762,2.61
wdbc_M_39_variant1,256,100.0,0.01,0.909502,2.85
wdbc_M_39_variant1,256,100.0,0.05,0.924944,2.85
wdbc_M_39_variant1,256,100.0,0.1,0.92832,2.85
wdbc_M_39_variant1,256,100.0,0.2,0.927386,2.85
wdbc_M_39_variant1,256,1000.0,0.01,0.915751,2.56
wdbc_M_39_variant1,256,1000.0,0.05,0.926453,2.56
wdbc_M_39_variant1,256,1000.0,0.1,0.927386,2.56
wdbc_M_39_variant1,256,1000.0,0.2,0.928823,2.56
wpbc_variant1,16,0.0,0.01,0.539383,2.34
wpbc_variant1,16,0.0,0.05,0.524588,2.34
wpbc_variant1,16,0.0,0.1,0.493166,2.34
wpbc_variant1,16,0.0,0.2,0.561646,2.34
wpbc_variant1,16,0.1,0.01,0.498239,2.16
wpbc_variant1,16,0.1,0.05,0.513315,2.16
wpbc_variant1,16,0.1,0.1,0.525433,2.16
wpbc_variant1,16,0.1,0.2,0.513175,2.16
wpbc_variant1,16,1.0,0.01,0.407496,2.21
wpbc_variant1,16,1.0,0.05,0.440327,2.21
wpbc_variant1,16,1.0,0.1,0.49683,2.21
wpbc_variant1,16,1.0,0.2,0.49528,2.21
wpbc_variant1,16,10.0,0.01,0.477948,2.05
wpbc_variant1,16,10.0,0.05,0.489644,2.05
wpbc_variant1,16,10.0,0.1,0.515006,2.05
wpbc_variant1,16,10.0,0.2,0.525856,2.05
wpbc_variant1,16,100.0,0.01,0.566155,2.01
wpbc_variant1,16,100.0,0.05,0.570664,2.01
wpbc_variant1,16,100.0,0.1,0.581232,2.01
wpbc_variant1,16,100.0,0.2,0.547696,2.01
wpbc_variant1,16,1000.0,0.01,0.561928,2.15
wpbc_variant1,16,1000.0,0.05,0.580809,2.15
wpbc_variant1,16,1000.0,0.1,0.581091,2.15
wpbc_variant1,16,1000.0,0.2,0.552628,2.15
wpbc_variant1,32,0.0,0.01,0.587009,2.21
wpbc_variant1,32,0.0,0.05,0.499225,2.21
wpbc_variant1,32,0.0,0.1,0.542201,2.21
wpbc_variant1,32,0.0,0.2,0.519233,2.21
wpbc_variant1,32,0.1,0.01,0.462308,2.14
wpbc_variant1,32,0.1,0.05,0.503734,2.14
wpbc_variant1,32,0.1,0.1,0.513597,2.14
wpbc_variant1,32,0.1,0.2,0.509088,2.14
wpbc_variant1,32,1.0,0.01,0.438072,2.12
wpbc_variant1,32,1.0,0.05,0.453572,2.12
wpbc_variant1,32,1.0,0.1,0.490912,2.12
wpbc_variant1,32,1.0,0.2,0.502607,2.12
wpbc_variant1,32,10.0,0.01,0.509793,2.18
wpbc_variant1,32,10.0,0.05,0.512329,2.18
wpbc_variant1,32,10.0,0.1,0.532619,2.18
wpbc_variant1,32,10.0,0.2,0.527688,2.18
wpbc_variant1,32,100.0,0.01,0.584613,2.06
wpbc_variant1,32,100.0,0.05,0.576018,2.06
wpbc_variant1,32,100.0,0.1,0.578273,2.06
wpbc_variant1,32,100.0,0.2,0.570805,2.06
wpbc_variant1,32,1000.0,0.01,0.578554,2.16
wpbc_variant1,32,1000.0,0.05,0.571791,2.16
wpbc_variant1,32,1000.0,0.1,0.576159,2.16
wpbc_variant1,32,1000.0,0.2,0.572355,2.16
wpbc_variant1,64,0.0,0.01,0.511484,2.02
wpbc_variant1,64,0.0,0.05,0.555728,2.02
wpbc_variant1,64,0.0,0.1,0.536424,2.02
wpbc_variant1,64,0.0,0.2,0.572073,2.02
wpbc_variant1,64,0.1,0.01,0.446668,2.19
wpbc_variant1,64,0.1,0.05,0.510075,2.19
wpbc_variant1,64,0.1,0.1,0.522615,2.19
wpbc_variant1,64,0.1,0.2,0.496125,2.19
wpbc_variant1,64,1.0,0.01,0.413978,2.2
wpbc_variant1,64,1.0,0.05,0.454417,2.2
wpbc_variant1,64,1.0,0.1,0.505143,2.2
wpbc_variant1,64,1.0,0.2,0.49683,2.2
wpbc_variant1,64,10.0,0.01,0.516556,2.35
wpbc_variant1,64,10.0,0.05,0.516274,2.35
wpbc_variant1,64,10.0,0.1,0.544314,2.35
wpbc_variant1,64,10.0,0.2,0.540369,2.35
wpbc_variant1,64,100.0,0.01,0.559673,2.61
wpbc_variant1,64,100.0,0.05,0.533465,2.61
wpbc_variant1,64,100.0,0.1,0.551923,2.61
wpbc_variant1,64,100.0,0.2,0.561082,2.61
wpbc_variant1,64,1000.0,0.01,0.55446,2.37
wpbc_variant1,64,1000.0,0.05,0.535015,2.37
wpbc_variant1,64,1000.0,0.1,0.547555,2.37
wpbc_variant1,64,1000.0,0.2,0.555587,2.37
wpbc_variant1,128,0.0,0.01,0.536706,2.23
wpbc_variant1,128,0.0,0.05,0.57475,2.23
wpbc_variant1,128,0.0,0.1,0.528956,2.23
wpbc_variant1,128,0.0,0.2,0.545583,2.23
wpbc_variant1,128,0.1,0.01,0.480344,2.64
wpbc_variant1,128,0.1,0.05,0.516979,2.64
wpbc_variant1,128,0.1,0.1,0.517543,2.64
wpbc_variant1,128,0.1,0.2,0.503311,2.64
wpbc_variant1,128,1.0,0.01,0.391433,2.7
wpbc_variant1,128,1.0,0.05,0.445399,2.7
wpbc_variant1,128,1.0,0.1,0.500493,2.7
wpbc_variant1,128,1.0,0.2,0.488516,2.7
wpbc_variant1,128,10.0,0.01,0.520502,2.65
wpbc_variant1,128,10.0,0.05,0.540087,2.65
wpbc_variant1,128,10.0,0.1,0.547133,2.65
wpbc_variant1,128,10.0,0.2,0.548119,2.65
wpbc_variant1,128,100.0,0.01,0.563055,2.41
wpbc_variant1,128,100.0,0.05,0.545019,2.41
wpbc_variant1,128,100.0,0.1,0.545864,2.41
wpbc_variant1,128,100.0,0.2,0.561787,2.41
wpbc_variant1,128,1000.0,0.01,0.559955,2.57
wpbc_variant1,128,1000.0,0.05,0.543328,2.57
wpbc_variant1,128,1000.0,0.1,0.538678,2.57
wpbc_variant1,128,1000.0,0.2,0.558969,2.57
wpbc_variant1,256,0.0,0.01,0.535438,2.41
wpbc_variant1,256,0.0,0.05,0.524729,2.41
wpbc_variant1,256,0.0,0.1,0.537974,2.41
wpbc_variant1,256,0.0,0.2,0.537833,2.41
wpbc_variant1,256,0.1,0.01,0.479498,2.86
wpbc_variant1,256,0.1,0.05,0.520502,2.86
wpbc_variant1,256,0.1,0.1,0.512611,2.86
wpbc_variant1,256,0.1,0.2,0.496407,2.86
wpbc_variant1,256,1.0,0.01,0.393547,2.7
wpbc_variant1,256,1.0,0.05,0.445822,2.7
wpbc_variant1,256,1.0,0.1,0.501339,2.7
wpbc_variant1,256,1.0,0.2,0.489362,2.7
wpbc_variant1,256,10.0,0.01,0.522052,2.6
wpbc_variant1,256,10.0,0.05,0.545583,2.6
wpbc_variant1,256,10.0,0.1,0.546287,2.6
wpbc_variant1,256,10.0,0.2,0.539383,2.6
wpbc_variant1,256,100.0,0.01,0.573904,2.5
wpbc_variant1,256,100.0,0.05,0.538397,2.5
wpbc_variant1,256,100.0,0.1,0.532479,2.5
wpbc_variant1,256,100.0,0.2,0.558405,2.5
wpbc_variant1,256,1000.0,0.01,0.566859,2.26
wpbc_variant1,256,1000.0,0.05,0.536565,2.26
wpbc_variant1,256,1000.0,0.1,0.521206,2.26
wpbc_variant1,256,1000.0,0.2,0.554601,2.26
yeast_ERL_5_variant1,16,0.0,0.01,0.947535,6.66
yeast_ERL_5_variant1,16,0.0,0.05,0.956162,6.66
yeast_ERL_5_variant1,16,0.0,0.1,0.94912,6.66
yeast_ERL_5_variant1,16,0.0,0.2,0.991901,6.66
yeast_ERL_5_variant1,16,0.1,0.01,0.986092,6.15
yeast_ERL_5_variant1,16,0.1,0.05,0.994542,6.15
yeast_ERL_5_variant1,16,0.1,0.1,0.993838,6.15
yeast_ERL_5_variant1,16,0.1,0.2,0.993838,6.15
yeast_ERL_5_variant1,16,1.0,0.01,0.95,6.55
yeast_ERL_5_variant1,16,1.0,0.05,0.944894,6.55
yeast_ERL_5_variant1,16,1.0,0.1,0.948592,6.55
yeast_ERL_5_variant1,16,1.0,0.2,0.935915,6.55
yeast_ERL_5_variant1,16,10.0,0.01,0.992782,7.31
yeast_ERL_5_variant1,16,10.0,0.05,0.991549,7.31
yeast_ERL_5_variant1,16,10.0,0.1,0.990317,7.31
yeast_ERL_5_variant1,16,10.0,0.2,0.988204,7.31
yeast_ERL_5_variant1,16,100.0,0.01,0.992958,7.01
yeast_ERL_5_variant1,16,100.0,0.05,0.990669,7.01
yeast_ERL_5_variant1,16,100.0,0.1,0.989437,7.01
yeast_ERL_5_variant1,16,100.0,0.2,0.987852,7.01
yeast_ERL_5_variant1,16,1000.0,0.01,0.85581,7.42
yeast_ERL_5_variant1,16,1000.0,0.05,0.868662,7.42
yeast_ERL_5_variant1,16,1000.0,0.1,0.86831,7.42
yeast_ERL_5_variant1,16,1000.0,0.2,0.864085,7.42
yeast_ERL_5_variant1,32,0.0,0.01,0.982923,7.55
yeast_ERL_5_variant1,32,0.0,0.05,0.974648,7.55
yeast_ERL_5_variant1,32,0.0,0.1,0.962324,7.55
yeast_ERL_5_variant1,32,0.0,0.2,0.992606,7.55
yeast_ERL_5_variant1,32,0.1,0.01,0.995599,7.33
yeast_ERL_5_variant1,32,0.1,0.05,0.994718,7.33
yeast_ERL_5_variant1,32,0.1,0.1,0.995775,7.33
yeast_ERL_5_variant1,32,0.1,0.2,0.995599,7.33
yeast_ERL_5_variant1,32,1.0,0.01,0.983803,6.73
yeast_ERL_5_variant1,32,1.0,0.05,0.981514,6.73
yeast_ERL_5_variant1,32,1.0,0.1,0.977817,6.73
yeast_ERL_5_variant1,32,1.0,0.2,0.975176,6.73
yeast_ERL_5_variant1,32,10.0,0.01,0.993134,6.42
yeast_ERL_5_variant1,32,10.0,0.05,0.992958,6.42
yeast_ERL_5_variant1,32,10.0,0.1,0.991373,6.42
yeast_ERL_5_variant1,32,10.0,0.2,0.989965,6.42
yeast_ERL_5_variant1,32,100.0,0.01,0.99507,6.67
yeast_ERL_5_variant1,32,100.0,0.05,0.99331,6.67
yeast_ERL_5_variant1,32,100.0,0.1,0.993134,6.67
yeast_ERL_5_variant1,32,100.0,0.2,0.992606,6.67
yeast_ERL_5_variant1,32,1000.0,0.01,0.710739,6.72
yeast_ERL_5_variant1,32,1000.0,0.05,0.708275,6.72
yeast_ERL_5_variant1,32,1000.0,0.1,0.715493,6.72
yeast_ERL_5_variant1,32,1000.0,0.2,0.695599,6.72
yeast_ERL_5_variant1,64,0.0,0.01,0.977465,7.05
yeast_ERL_5_variant1,64,0.0,0.05,0.98081,7.05
yeast_ERL_5_variant1,64,0.0,0.1,0.971303,7.05
yeast_ERL_5_variant1,64,0.0,0.2,0.951585,7.05
yeast_ERL_5_variant1,64,0.1,0.01,0.998768,7.13
yeast_ERL_5_variant1,64,0.1,0.05,0.996479,7.13
yeast_ERL_5_variant1,64,0.1,0.1,0.998415,7.13
yeast_ERL_5_variant1,64,0.1,0.2,0.997183,7.13
yeast_ERL_5_variant1,64,1.0,0.01,0.992782,7.46
yeast_ERL_5_variant1,64,1.0,0.05,0.988028,7.46
yeast_ERL_5_variant1,64,1.0,0.1,0.986972,7.46
yeast_ERL_5_variant1,64,1.0,0.2,0.983979,7.46
yeast_ERL_5_variant1,64,10.0,0.01,0.997359,7.04
yeast_ERL_5_variant1,64,10.0,0.05,0.994894,7.04
yeast_ERL_5_variant1,64,10.0,0.1,0.993838,7.04
yeast_ERL_5_variant1,64,10.0,0.2,0.99243,7.04
yeast_ERL_5_variant1,64,100.0,0.01,0.997535,6.94
yeast_ERL_5_variant1,64,100.0,0.05,0.996831,6.94
yeast_ERL_5_variant1,64,100.0,0.1,0.995775,6.94
yeast_ERL_5_variant1,64,100.0,0.2,0.995246,6.94
yeast_ERL_5_variant1,64,1000.0,0.01,0.780458,5.86
yeast_ERL_5_variant1,64,1000.0,0.05,0.783275,5.86
yeast_ERL_5_variant1,64,1000.0,0.1,0.781866,5.86
yeast_ERL_5_variant1,64,1000.0,0.2,0.780458,5.86
yeast_ERL_5_variant1,128,0.0,0.01,0.985211,6.59
yeast_ERL_5_variant1,128,0.0,0.05,0.979401,6.59
yeast_ERL_5_variant1,128,0.0,0.1,0.964789,6.59
yeast_ERL_5_variant1,128,0.0,0.2,0.991725,6.59
yeast_ERL_5_variant1,128,0.1,0.01,0.997711,6.58
yeast_ERL_5_variant1,128,0.1,0.05,0.99243,6.58
yeast_ERL_5_variant1,128,0.1,0.1,0.997359,6.58
yeast_ERL_5_variant1,128,0.1,0.2,0.995599,6.58
yeast_ERL_5_variant1,128,1.0,0.01,0.986972,6.82
yeast_ERL_5_variant1,128,1.0,0.05,0.987148,6.82
yeast_ERL_5_variant1,128,1.0,0.1,0.983803,6.82
yeast_ERL_5_variant1,128,1.0,0.2,0.981866,6.82
yeast_ERL_5_variant1,128,10.0,0.01,0.996303,7.04
yeast_ERL_5_variant1,128,10.0,0.05,0.994718,7.04
yeast_ERL_5_variant1,128,10.0,0.1,0.993662,7.04
yeast_ERL_5_variant1,128,10.0,0.2,0.992958,7.04
yeast_ERL_5_variant1,128,100.0,0.01,0.997887,7.48
yeast_ERL_5_variant1,128,100.0,0.05,0.997007,7.48
yeast_ERL_5_variant1,128,100.0,0.1,0.996479,7.48
yeast_ERL_5_variant1,128,100.0,0.2,0.996479,7.48
yeast_ERL_5_variant1,128,1000.0,0.01,0.774648,7.4
yeast_ERL_5_variant1,128,1000.0,0.05,0.786972,7.4
yeast_ERL_5_variant1,128,1000.0,0.1,0.788908,7.4
yeast_ERL_5_variant1,128,1000.0,0.2,0.785563,7.4
yeast_ERL_5_variant1,256,0.0,0.01,0.97412,6.72
yeast_ERL_5_variant1,256,0.0,0.05,0.977641,6.72
yeast_ERL_5_variant1,256,0.0,0.1,0.96162,6.72
yeast_ERL_5_variant1,256,0.0,0.2,0.914965,6.72
yeast_ERL_5_variant1,256,0.1,0.01,0.997711,6.98
yeast_ERL_5_variant1,256,0.1,0.05,0.994718,6.98
yeast_ERL_5_variant1,256,0.1,0.1,0.997007,6.98
yeast_ERL_5_variant1,256,0.1,0.2,0.995423,6.98
yeast_ERL_5_variant1,256,1.0,0.01,0.989613,6.72
yeast_ERL_5_variant1,256,1.0,0.05,0.986972,6.72
yeast_ERL_5_variant1,256,1.0,0.1,0.983979,6.72
yeast_ERL_5_variant1,256,1.0,0.2,0.97993,6.72
yeast_ERL_5_variant1,256,10.0,0.01,0.995775,6.6
yeast_ERL_5_variant1,256,10.0,0.05,0.992958,6.6
yeast_ERL_5_variant1,256,10.0,0.1,0.99243,6.6
yeast_ERL_5_variant1,256,10.0,0.2,0.990493,6.6
yeast_ERL_5_variant1,256,100.0,0.01,0.997711,6.39
yeast_ERL_5_variant1,256,100.0,0.05,0.997007,6.39
yeast_ERL_5_variant1,256,100.0,0.1,0.996831,6.39
yeast_ERL_5_variant1,256,100.0,0.2,0.996655,6.39
yeast_ERL_5_variant1,256,1000.0,0.01,0.79243,7.26
yeast_ERL_5_variant1,256,1000.0,0.05,0.802113,7.26
yeast_ERL_5_variant1,256,1000.0,0.1,0.801937,7.26
yeast_ERL_5_variant1,256,1000.0,0.2,0.803521,7.26
