dataset,group,latent_dim,lambda_scatter,auc,train_s
cardio,numerical,16,0.0,0.913331,
cardio,numerical,16,0.1,0.960461,
cardio,numerical,16,1.0,0.936405,
cardio,numerical,16,10.0,0.946862,
cardio,numerical,16,100.0,0.893168,
cardio,numerical,16,1000.0,0.904336,
cardio,numerical,32,0.0,0.894304,
cardio,numerical,32,0.1,0.92281,
cardio,numerical,32,1.0,0.952087,
cardio,numerical,32,10.0,0.950711,
cardio,numerical,32,100.0,0.884534,
cardio,numerical,32,1000.0,0.891767,
cardio,numerical,64,0.0,0.854906,
cardio,numerical,64,0.1,0.931286,
cardio,numerical,64,1.0,0.941671,
cardio,numerical,64,10.0,0.962692,
cardio,numerical,64,100.0,0.883916,
cardio,numerical,64,1000.0,0.879672,
cardio,numerical,128,0.0,0.916197,
cardio,numerical,128,0.1,0.920801,
cardio,numerical,128,1.0,0.938228,
cardio,numerical,128,10.0,0.805438,
cardio,numerical,128,100.0,0.893353,
cardio,numerical,128,1000.0,0.870382,
cardio,numerical,256,0.0,0.89187,
cardio,numerical,256,0.1,0.925958,
cardio,numerical,256,1.0,0.939618,
cardio,numerical,256,10.0,0.960704,
cardio,numerical,256,100.0,0.91433,
cardio,numerical,256,1000.0,0.919105,
cardiotocography_2and3_33_variant1,numerical,16,0.0,0.826073,
cardiotocography_2and3_33_variant1,numerical,16,0.1,0.869633,
cardiotocography_2and3_33_variant1,numerical,16,1.0,0.884794,
cardiotocography_2and3_33_variant1,numerical,16,10.0,0.893619,
cardiotocography_2and3_33_variant1,numerical,16,100.0,0.871995,
cardiotocography_2and3_33_variant1,numerical,16,1000.0,0.855681,
cardiotocography_2and3_33_variant1,numerical,32,0.0,0.852788,
cardiotocography_2and3_33_variant1,numerical,32,0.1,0.855314,
cardiotocography_2and3_33_variant1,numerical,32,1.0,0.87747,
cardiotocography_2and3_33_variant1,numerical,32,10.0,0.896164,
cardiotocography_2and3_33_variant1,numerical,32,100.0,0.890909,
cardiotocography_2and3_33_variant1,numerical,32,1000.0,0.882779,
cardiotocography_2and3_33_variant1,numerical,64,0.0,0.828435,
cardiotocography_2and3_33_variant1,numerical,64,0.1,0.872508,
cardiotocography_2and3_33_variant1,numerical,64,1.0,0.865715,
cardiotocography_2and3_33_variant1,numerical,64,10.0,0.895285,
cardiotocography_2and3_33_variant1,numerical,64,100.0,0.841875,
cardiotocography_2and3_33_variant1,numerical,64,1000.0,0.81159,
cardiotocography_2and3_33_variant1,numerical,128,0.0,0.830303,
cardiotocography_2and3_33_variant1,numerical,128,0.1,0.851982,
cardiotocography_2and3_33_variant1,numerical,128,1.0,0.880198,
cardiotocography_2and3_33_variant1,numerical,128,10.0,0.902335,
cardiotocography_2and3_33_variant1,numerical,128,100.0,0.827355,
cardiotocography_2and3_33_variant1,numerical,128,1000.0,0.769898,
cardiotocography_2and3_33_variant1,numerical,256,0.0,0.894534,
cardiotocography_2and3_33_variant1,numerical,256,0.1,0.853227,
cardiotocography_2and3_33_variant1,numerical,256,1.0,0.876755,
cardiotocography_2and3_33_variant1,numerical,256,10.0,0.897885,
cardiotocography_2and3_33_variant1,numerical,256,100.0,0.797528,
cardiotocography_2and3_33_variant1,numerical,256,1000.0,0.716763,
diabetes_tested_positive_26_variant1,numerical,16,0.0,0.590923,
diabetes_tested_positive_26_variant1,numerical,16,0.1,0.620615,
diabetes_tested_positive_26_variant1,numerical,16,1.0,0.854923,
diabetes_tested_positive_26_variant1,numerical,16,10.0,0.936769,
diabetes_tested_positive_26_variant1,numerical,16,100.0,0.918154,
diabetes_tested_positive_26_variant1,numerical,16,1000.0,0.951615,
diabetes_tested_positive_26_variant1,numerical,32,0.0,0.559615,
diabetes_tested_positive_26_variant1,numerical,32,0.1,0.538615,
diabetes_tested_positive_26_variant1,numerical,32,1.0,0.832462,
diabetes_tested_positive_26_variant1,numerical,32,10.0,0.933769,
diabetes_tested_positive_26_variant1,numerical,32,100.0,0.949615,
diabetes_tested_positive_26_variant1,numerical,32,1000.0,0.947385,
diabetes_tested_positive_26_variant1,numerical,64,0.0,0.579308,
diabetes_tested_positive_26_variant1,numerical,64,0.1,0.569077,
diabetes_tested_positive_26_variant1,numerical,64,1.0,0.808385,
diabetes_tested_positive_26_variant1,numerical,64,10.0,0.920615,
diabetes_tested_positive_26_variant1,numerical,64,100.0,0.946615,
diabetes_tested_positive_26_variant1,numerical,64,1000.0,0.947077,
diabetes_tested_positive_26_variant1,numerical,128,0.0,0.590769,
diabetes_tested_positive_26_variant1,numerical,128,0.1,0.558538,
diabetes_tested_positive_26_variant1,numerical,128,1.0,0.805231,
diabetes_tested_positive_26_variant1,numerical,128,10.0,0.932308,
diabetes_tested_positive_26_variant1,numerical,128,100.0,0.946385,
diabetes_tested_positive_26_variant1,numerical,128,1000.0,0.945385,
diabetes_tested_positive_26_variant1,numerical,256,0.0,0.592923,
diabetes_tested_positive_26_variant1,numerical,256,0.1,0.565923,
diabetes_tested_positive_26_variant1,numerical,256,1.0,0.833308,
diabetes_tested_positive_26_variant1,numerical,256,10.0,0.931846,
diabetes_tested_positive_26_variant1,numerical,256,100.0,0.943154,
diabetes_tested_positive_26_variant1,numerical,256,1000.0,0.944077,
ionosphere_b_24_variant1,numerical,16,0.0,0.742222,
ionosphere_b_24_variant1,numerical,16,0.1,0.78037,
ionosphere_b_24_variant1,numerical,16,1.0,0.905556,
ionosphere_b_24_variant1,numerical,16,10.0,0.999444,
ionosphere_b_24_variant1,numerical,16,100.0,1.0,
ionosphere_b_24_variant1,numerical,16,1000.0,1.0,
ionosphere_b_24_variant1,numerical,32,0.0,0.691481,
ionosphere_b_24_variant1,numerical,32,0.1,0.777593,
ionosphere_b_24_variant1,numerical,32,1.0,0.917963,
ionosphere_b_24_variant1,numerical,32,10.0,1.0,
ionosphere_b_24_variant1,numerical,32,100.0,1.0,
ionosphere_b_24_variant1,numerical,32,1000.0,1.0,
ionosphere_b_24_variant1,numerical,64,0.0,0.665741,
ionosphere_b_24_variant1,numerical,64,0.1,0.792407,
ionosphere_b_24_variant1,numerical,64,1.0,0.896667,
ionosphere_b_24_variant1,numerical,64,10.0,1.0,
ionosphere_b_24_variant1,numerical,64,100.0,1.0,
ionosphere_b_24_variant1,numerical,64,1000.0,0.99963,
ionosphere_b_24_variant1,numerical,128,0.0,0.849074,
ionosphere_b_24_variant1,numerical,128,0.1,0.831111,
ionosphere_b_24_variant1,numerical,128,1.0,0.91037,
ionosphere_b_24_variant1,numerical,128,10.0,0.995556,
ionosphere_b_24_variant1,numerical,128,100.0,0.999074,
ionosphere_b_24_variant1,numerical,128,1000.0,0.999074,
ionosphere_b_24_variant1,numerical,256,0.0,0.647593,
ionosphere_b_24_variant1,numerical,256,0.1,0.78463,
ionosphere_b_24_variant1,numerical,256,1.0,0.906481,
ionosphere_b_24_variant1,numerical,256,10.0,0.995556,
ionosphere_b_24_variant1,numerical,256,100.0,0.994815,
ionosphere_b_24_variant1,numerical,256,1000.0,0.994815,
pageblocks_1_258_variant1,numerical,16,0.0,0.839039,
pageblocks_1_258_variant1,numerical,16,0.1,0.816813,
pageblocks_1_258_variant1,numerical,16,1.0,0.891111,
pageblocks_1_258_variant1,numerical,16,10.0,0.951447,
pageblocks_1_258_variant1,numerical,16,100.0,0.944713,
pageblocks_1_258_variant1,numerical,16,1000.0,0.932759,
pageblocks_1_258_variant1,numerical,32,0.0,0.814924,
pageblocks_1_258_variant1,numerical,32,0.1,0.79757,
pageblocks_1_258_variant1,numerical,32,1.0,0.886616,
pageblocks_1_258_variant1,numerical,32,10.0,0.949459,
pageblocks_1_258_variant1,numerical,32,100.0,0.946022,
pageblocks_1_258_variant1,numerical,32,1000.0,0.931541,
pageblocks_1_258_variant1,numerical,64,0.0,0.810033,
pageblocks_1_258_variant1,numerical,64,0.1,0.79053,
pageblocks_1_258_variant1,numerical,64,1.0,0.885936,
pageblocks_1_258_variant1,numerical,64,10.0,0.953391,
pageblocks_1_258_variant1,numerical,64,100.0,0.970456,
pageblocks_1_258_variant1,numerical,64,1000.0,0.936714,
pageblocks_1_258_variant1,numerical,128,0.0,0.794935,
pageblocks_1_258_variant1,numerical,128,0.1,0.789439,
pageblocks_1_258_variant1,numerical,128,1.0,0.880026,
pageblocks_1_258_variant1,numerical,128,10.0,0.954426,
pageblocks_1_258_variant1,numerical,128,100.0,0.970367,
pageblocks_1_258_variant1,numerical,128,1000.0,0.920985,
pageblocks_1_258_variant1,numerical,256,0.0,0.803572,
pageblocks_1_258_variant1,numerical,256,0.1,0.792076,
pageblocks_1_258_variant1,numerical,256,1.0,0.882058,
pageblocks_1_258_variant1,numerical,256,10.0,0.953513,
pageblocks_1_258_variant1,numerical,256,100.0,0.967973,
pageblocks_1_258_variant1,numerical,256,1000.0,0.925673,
pima_TRUE_55_variant1,numerical,16,0.0,0.618873,
pima_TRUE_55_variant1,numerical,16,0.1,0.625927,
pima_TRUE_55_variant1,numerical,16,1.0,0.743709,
pima_TRUE_55_variant1,numerical,16,10.0,0.873127,
pima_TRUE_55_variant1,numerical,16,100.0,0.929127,
pima_TRUE_55_variant1,numerical,16,1000.0,0.932764,
pima_TRUE_55_variant1,numerical,32,0.0,0.624145,
pima_TRUE_55_variant1,numerical,32,0.1,0.599345,
pima_TRUE_55_variant1,numerical,32,1.0,0.744945,
pima_TRUE_55_variant1,numerical,32,10.0,0.868764,
pima_TRUE_55_variant1,numerical,32,100.0,0.897273,
pima_TRUE_55_variant1,numerical,32,1000.0,0.897418,
pima_TRUE_55_variant1,numerical,64,0.0,0.644655,
pima_TRUE_55_variant1,numerical,64,0.1,0.624036,
pima_TRUE_55_variant1,numerical,64,1.0,0.752327,
pima_TRUE_55_variant1,numerical,64,10.0,0.847709,
pima_TRUE_55_variant1,numerical,64,100.0,0.896473,
pima_TRUE_55_variant1,numerical,64,1000.0,0.8976,
pima_TRUE_55_variant1,numerical,128,0.0,0.666873,
pima_TRUE_55_variant1,numerical,128,0.1,0.649018,
pima_TRUE_55_variant1,numerical,128,1.0,0.766364,
pima_TRUE_55_variant1,numerical,128,10.0,0.854691,
pima_TRUE_55_variant1,numerical,128,100.0,0.893164,
pima_TRUE_55_variant1,numerical,128,1000.0,0.895673,
pima_TRUE_55_variant1,numerical,256,0.0,0.651127,
pima_TRUE_55_variant1,numerical,256,0.1,0.617636,
pima_TRUE_55_variant1,numerical,256,1.0,0.763491,
pima_TRUE_55_variant1,numerical,256,10.0,0.859564,
pima_TRUE_55_variant1,numerical,256,100.0,0.896618,
pima_TRUE_55_variant1,numerical,256,1000.0,0.896182,
sonar_M_10_variant1,numerical,16,0.0,0.803093,
sonar_M_10_variant1,numerical,16,0.1,0.492784,
sonar_M_10_variant1,numerical,16,1.0,0.903093,
sonar_M_10_variant1,numerical,16,10.0,1.0,
sonar_M_10_variant1,numerical,16,100.0,0.998969,
sonar_M_10_variant1,numerical,16,1000.0,0.998969,
sonar_M_10_variant1,numerical,32,0.0,0.723711,
sonar_M_10_variant1,numerical,32,0.1,0.73299,
sonar_M_10_variant1,numerical,32,1.0,0.880412,
sonar_M_10_variant1,numerical,32,10.0,1.0,
sonar_M_10_variant1,numerical,32,100.0,1.0,
sonar_M_10_variant1,numerical,32,1000.0,1.0,
sonar_M_10_variant1,numerical,64,0.0,0.53299,
sonar_M_10_variant1,numerical,64,0.1,0.620619,
sonar_M_10_variant1,numerical,64,1.0,0.937113,
sonar_M_10_variant1,numerical,64,10.0,0.998969,
sonar_M_10_variant1,numerical,64,100.0,0.997938,
sonar_M_10_variant1,numerical,64,1000.0,0.997938,
sonar_M_10_variant1,numerical,128,0.0,0.740206,
sonar_M_10_variant1,numerical,128,0.1,0.597938,
sonar_M_10_variant1,numerical,128,1.0,0.939175,
sonar_M_10_variant1,numerical,128,10.0,1.0,
sonar_M_10_variant1,numerical,128,100.0,1.0,
sonar_M_10_variant1,numerical,128,1000.0,1.0,
sonar_M_10_variant1,numerical,256,0.0,0.638144,
sonar_M_10_variant1,numerical,256,0.1,0.623711,
sonar_M_10_variant1,numerical,256,1.0,0.940206,
sonar_M_10_variant1,numerical,256,10.0,1.0,
sonar_M_10_variant1,numerical,256,100.0,1.0,
sonar_M_10_variant1,numerical,256,1000.0,1.0,
spambase_spam_56_variant1,numerical,16,0.0,0.475533,
spambase_spam_56_variant1,numerical,16,0.1,0.507782,
spambase_spam_56_variant1,numerical,16,1.0,0.73947,
spambase_spam_56_variant1,numerical,16,10.0,0.719019,
spambase_spam_56_variant1,numerical,16,100.0,0.669246,
spambase_spam_56_variant1,numerical,16,1000.0,0.635408,
spambase_spam_56_variant1,numerical,32,0.0,0.550593,
spambase_spam_56_variant1,numerical,32,0.1,0.622233,
spambase_spam_56_variant1,numerical,32,1.0,0.539436,
spambase_spam_56_variant1,numerical,32,10.0,0.610781,
spambase_spam_56_variant1,numerical,32,100.0,0.647405,
spambase_spam_56_variant1,numerical,32,1000.0,0.66865,
spambase_spam_56_variant1,numerical,64,0.0,0.5297,
spambase_spam_56_variant1,numerical,64,0.1,0.698645,
spambase_spam_56_variant1,numerical,64,1.0,0.735909,
spambase_spam_56_variant1,numerical,64,10.0,0.616353,
spambase_spam_56_variant1,numerical,64,100.0,0.68481,
spambase_spam_56_variant1,numerical,64,1000.0,0.667356,
spambase_spam_56_variant1,numerical,128,0.0,0.568598,
spambase_spam_56_variant1,numerical,128,0.1,0.672371,
spambase_spam_56_variant1,numerical,128,1.0,0.556588,
spambase_spam_56_variant1,numerical,128,10.0,0.615027,
spambase_spam_56_variant1,numerical,128,100.0,0.667837,
spambase_spam_56_variant1,numerical,128,1000.0,0.67966,
spambase_spam_56_variant1,numerical,256,0.0,0.582951,
spambase_spam_56_variant1,numerical,256,0.1,0.619492,
spambase_spam_56_variant1,numerical,256,1.0,0.546379,
spambase_spam_56_variant1,numerical,256,10.0,0.720082,
spambase_spam_56_variant1,numerical,256,100.0,0.708982,
spambase_spam_56_variant1,numerical,256,1000.0,0.702558,
thyroid_disease_variant1,numerical,16,0.0,0.692093,
thyroid_disease_variant1,numerical,16,0.1,0.696928,
thyroid_disease_variant1,numerical,16,1.0,0.575726,
thyroid_disease_variant1,numerical,16,10.0,0.378491,
thyroid_disease_variant1,numerical,16,100.0,0.420222,
thyroid_disease_variant1,numerical,16,1000.0,0.576518,
thyroid_disease_variant1,numerical,32,0.0,0.641486,
thyroid_disease_variant1,numerical,32,0.1,0.639472,
thyroid_disease_variant1,numerical,32,1.0,0.575624,
thyroid_disease_variant1,numerical,32,10.0,0.51646,
thyroid_disease_variant1,numerical,32,100.0,0.571856,
thyroid_disease_variant1,numerical,32,1000.0,0.61313,
thyroid_disease_variant1,numerical,64,0.0,0.678783,
thyroid_disease_variant1,numerical,64,0.1,0.674484,
thyroid_disease_variant1,numerical,64,1.0,0.579715,
thyroid_disease_variant1,numerical,64,10.0,0.615762,
thyroid_disease_variant1,numerical,64,100.0,0.454837,
thyroid_disease_variant1,numerical,64,1000.0,0.509554,
thyroid_disease_variant1,numerical,128,0.0,0.646948,
thyroid_disease_variant1,numerical,128,0.1,0.666886,
thyroid_disease_variant1,numerical,128,1.0,0.581886,
thyroid_disease_variant1,numerical,128,10.0,0.553552,
thyroid_disease_variant1,numerical,128,100.0,0.587686,
thyroid_disease_variant1,numerical,128,1000.0,0.705997,
thyroid_disease_variant1,numerical,256,0.0,0.633366,
thyroid_disease_variant1,numerical,256,0.1,0.67044,
thyroid_disease_variant1,numerical,256,1.0,0.583002,
thyroid_disease_variant1,numerical,256,10.0,0.631713,
thyroid_disease_variant1,numerical,256,100.0,0.611218,
thyroid_disease_variant1,numerical,256,1000.0,0.633172,
waveform_0_100_variant1,numerical,16,0.0,0.622348,
waveform_0_100_variant1,numerical,16,0.1,0.502516,
waveform_0_100_variant1,numerical,16,1.0,0.74353,
waveform_0_100_variant1,numerical,16,10.0,0.668483,
waveform_0_100_variant1,numerical,16,100.0,0.507786,
waveform_0_100_variant1,numerical,16,1000.0,0.523057,
waveform_0_100_variant1,numerical,32,0.0,0.563972,
waveform_0_100_variant1,numerical,32,0.1,0.489067,
waveform_0_100_variant1,numerical,32,1.0,0.744059,
waveform_0_100_variant1,numerical,32,10.0,0.626395,
waveform_0_100_variant1,numerical,32,100.0,0.478026,
waveform_0_100_variant1,numerical,32,1000.0,0.514014,
waveform_0_100_variant1,numerical,64,0.0,0.545429,
waveform_0_100_variant1,numerical,64,0.1,0.48455,
waveform_0_100_variant1,numerical,64,1.0,0.74618,
waveform_0_100_variant1,numerical,64,10.0,0.638789,
waveform_0_100_variant1,numerical,64,100.0,0.49898,
waveform_0_100_variant1,numerical,64,1000.0,0.488489,
waveform_0_100_variant1,numerical,128,0.0,0.544385,
waveform_0_100_variant1,numerical,128,0.1,0.4909,
waveform_0_100_variant1,numerical,128,1.0,0.751373,
waveform_0_100_variant1,numerical,128,10.0,0.632602,
waveform_0_100_variant1,numerical,128,100.0,0.5005,
waveform_0_100_variant1,numerical,128,1000.0,0.492797,
waveform_0_100_variant1,numerical,256,0.0,0.558938,
waveform_0_100_variant1,numerical,256,0.1,0.467957,
waveform_0_100_variant1,numerical,256,1.0,0.759115,
waveform_0_100_variant1,numerical,256,10.0,0.635154,
waveform_0_100_variant1,numerical,256,100.0,0.495277,
waveform_0_100_variant1,numerical,256,1000.0,0.495818,
wbc_malignant_39_variant1,numerical,16,0.0,0.987295,
wbc_malignant_39_variant1,numerical,16,0.1,0.98435,
wbc_malignant_39_variant1,numerical,16,1.0,0.987064,
wbc_malignant_39_variant1,numerical,16,10.0,0.987757,
wbc_malignant_39_variant1,numerical,16,100.0,0.987641,
wbc_malignant_39_variant1,numerical,16,1000.0,0.987641,
wbc_malignant_39_variant1,numerical,32,0.0,0.981751,
wbc_malignant_39_variant1,numerical,32,0.1,0.987641,
wbc_malignant_39_variant1,numerical,32,1.0,0.987179,
wbc_malignant_39_variant1,numerical,32,10.0,0.987641,
wbc_malignant_39_variant1,numerical,32,100.0,0.987815,
wbc_malignant_39_variant1,numerical,32,1000.0,0.987872,
wbc_malignant_39_variant1,numerical,64,0.0,0.95738,
wbc_malignant_39_variant1,numerical,64,0.1,0.958362,
wbc_malignant_39_variant1,numerical,64,1.0,0.98741,
wbc_malignant_39_variant1,numerical,64,10.0,0.987526,
wbc_malignant_39_variant1,numerical,64,100.0,0.987757,
wbc_malignant_39_variant1,numerical,64,1000.0,0.987757,
wbc_malignant_39_variant1,numerical,128,0.0,0.986255,
wbc_malignant_39_variant1,numerical,128,0.1,0.966909,
wbc_malignant_39_variant1,numerical,128,1.0,0.987179,
wbc_malignant_39_variant1,numerical,128,10.0,0.98741,
wbc_malignant_39_variant1,numerical,128,100.0,0.987699,
wbc_malignant_39_variant1,numerical,128,1000.0,0.987584,
wbc_malignant_39_variant1,numerical,256,0.0,0.986313,
wbc_malignant_39_variant1,numerical,256,0.1,0.986948,
wbc_malignant_39_variant1,numerical,256,1.0,0.987122,
wbc_malignant_39_variant1,numerical,256,10.0,0.987295,
wbc_malignant_39_variant1,numerical,256,100.0,0.987468,
wbc_malignant_39_variant1,numerical,256,1000.0,0.987526,
wdbc_M_39_variant1,numerical,16,0.0,0.739352,
wdbc_M_39_variant1,numerical,16,0.1,0.845076,
wdbc_M_39_variant1,numerical,16,1.0,0.950154,
wdbc_M_39_variant1,numerical,16,10.0,0.89801,
wdbc_M_39_variant1,numerical,16,100.0,0.974503,
wdbc_M_39_variant1,numerical,16,1000.0,0.97637,
wdbc_M_39_variant1,numerical,32,0.0,0.677368,
wdbc_M_39_variant1,numerical,32,0.1,0.807585,
wdbc_M_39_variant1,numerical,32,1.0,0.971342,
wdbc_M_39_variant1,numerical,32,10.0,0.901745,
wdbc_M_39_variant1,numerical,32,100.0,0.995331,
wdbc_M_39_variant1,numerical,32,1000.0,0.995331,
wdbc_M_39_variant1,numerical,64,0.0,0.687352,
wdbc_M_39_variant1,numerical,64,0.1,0.820297,
wdbc_M_39_variant1,numerical,64,1.0,0.954033,
wdbc_M_39_variant1,numerical,64,10.0,0.99605,
wdbc_M_39_variant1,numerical,64,100.0,0.972204,
wdbc_M_39_variant1,numerical,64,1000.0,0.974862,
wdbc_M_39_variant1,numerical,128,0.0,0.671048,
wdbc_M_39_variant1,numerical,128,0.1,0.772535,
wdbc_M_39_variant1,numerical,128,1.0,0.94448,
wdbc_M_39_variant1,numerical,128,10.0,0.937513,
wdbc_M_39_variant1,numerical,128,100.0,0.968829,
wdbc_M_39_variant1,numerical,128,1000.0,0.970624,
wdbc_M_39_variant1,numerical,256,0.0,0.694606,
wdbc_M_39_variant1,numerical,256,0.1,0.776341,
wdbc_M_39_variant1,numerical,256,1.0,0.967823,
wdbc_M_39_variant1,numerical,256,10.0,0.996409,
wdbc_M_39_variant1,numerical,256,100.0,0.995691,
wdbc_M_39_variant1,numerical,256,1000.0,0.995691,
wpbc_variant1,numerical,16,0.0,0.577286,
wpbc_variant1,numerical,16,0.1,0.521629,
wpbc_variant1,numerical,16,1.0,0.496125,
wpbc_variant1,numerical,16,10.0,0.518247,
wpbc_variant1,numerical,16,100.0,0.576723,
wpbc_variant1,numerical,16,1000.0,0.5763,
wpbc_variant1,numerical,32,0.0,0.54361,
wpbc_variant1,numerical,32,0.1,0.512893,
wpbc_variant1,numerical,32,1.0,0.501902,
wpbc_variant1,numerical,32,10.0,0.529379,
wpbc_variant1,numerical,32,100.0,0.583204,
wpbc_variant1,numerical,32,1000.0,0.576582,
wpbc_variant1,numerical,64,0.0,0.574609,
wpbc_variant1,numerical,64,0.1,0.522615,
wpbc_variant1,numerical,64,1.0,0.504157,
wpbc_variant1,numerical,64,10.0,0.543187,
wpbc_variant1,numerical,64,100.0,0.557982,
wpbc_variant1,numerical,64,1000.0,0.553051,
wpbc_variant1,numerical,128,0.0,0.553332,
wpbc_variant1,numerical,128,0.1,0.51712,
wpbc_variant1,numerical,128,1.0,0.499084,
wpbc_variant1,numerical,128,10.0,0.546005,
wpbc_variant1,numerical,128,100.0,0.563055,
wpbc_variant1,numerical,128,1000.0,0.541778,
wpbc_variant1,numerical,256,0.0,0.545442,
wpbc_variant1,numerical,256,0.1,0.52022,
wpbc_variant1,numerical,256,1.0,0.500352,
wpbc_variant1,numerical,256,10.0,0.544314,
wpbc_variant1,numerical,256,100.0,0.57165,
wpbc_variant1,numerical,256,1000.0,0.564605,
yeast_ERL_5_variant1,numerical,16,0.0,0.992782,
yeast_ERL_5_variant1,numerical,16,0.1,0.996303,
yeast_ERL_5_variant1,numerical,16,1.0,0.996831,
yeast_ERL_5_variant1,numerical,16,10.0,0.99243,
yeast_ERL_5_variant1,numerical,16,100.0,0.991373,
yeast_ERL_5_variant1,numerical,16,1000.0,0.998592,
yeast_ERL_5_variant1,numerical,32,0.0,0.994014,
yeast_ERL_5_variant1,numerical,32,0.1,0.996655,
yeast_ERL_5_variant1,numerical,32,1.0,0.996479,
yeast_ERL_5_variant1,numerical,32,10.0,0.992077,
yeast_ERL_5_variant1,numerical,32,100.0,0.991021,
yeast_ERL_5_variant1,numerical,32,1000.0,0.994718,
yeast_ERL_5_variant1,numerical,64,0.0,0.983275,
yeast_ERL_5_variant1,numerical,64,0.1,0.998768,
yeast_ERL_5_variant1,numerical,64,1.0,0.994014,
yeast_ERL_5_variant1,numerical,64,10.0,0.996655,
yeast_ERL_5_variant1,numerical,64,100.0,0.997711,
yeast_ERL_5_variant1,numerical,64,1000.0,0.998592,
yeast_ERL_5_variant1,numerical,128,0.0,0.995246,
yeast_ERL_5_variant1,numerical,128,0.1,0.997887,
yeast_ERL_5_variant1,numerical,128,1.0,0.997359,
yeast_ERL_5_variant1,numerical,128,10.0,0.99419,
yeast_ERL_5_variant1,numerical,128,100.0,0.997359,
yeast_ERL_5_variant1,numerical,128,1000.0,0.998592,
yeast_ERL_5_variant1,numerical,256,0.0,0.981514,
yeast_ERL_5_variant1,numerical,256,0.1,0.997887,
yeast_ERL_5_variant1,numerical,256,1.0,0.995423,
yeast_ERL_5_variant1,numerical,256,10.0,0.994014,
yeast_ERL_5_variant1,numerical,256,100.0,0.996831,
yeast_ERL_5_variant1,numerical,256,1000.0,0.998239,
chess_nowin_145_variant1,nominal,16,0.0,0.536014,10.25
chess_nowin_145_variant1,nominal,16,0.1,0.437119,10.42
chess_nowin_145_variant1,nominal,16,1.0,0.522188,10.78
chess_nowin_145_variant1,nominal,16,10.0,0.740766,10.91
chess_nowin_145_variant1,nominal,16,100.0,0.776757,11.14
chess_nowin_145_variant1,nominal,16,1000.0,0.750546,10.91
chess_nowin_145_variant1,nominal,32,0.0,0.485205,10.23
chess_nowin_145_variant1,nominal,32,0.1,0.60107,10.62
chess_nowin_145_variant1,nominal,32,1.0,0.570839,10.82
chess_nowin_145_variant1,nominal,32,10.0,0.827231,11.69
chess_nowin_145_variant1,nominal,32,100.0,0.784785,10.52
chess_nowin_145_variant1,nominal,32,1000.0,0.789211,10.34
chess_nowin_145_variant1,nominal,64,0.0,0.335968,10.82
chess_nowin_145_variant1,nominal,64,0.1,0.633694,11.13
chess_nowin_145_variant1,nominal,64,1.0,0.544431,10.51
chess_nowin_145_variant1,nominal,64,10.0,0.851912,10.78
chess_nowin_145_variant1,nominal,64,100.0,0.774484,10.31
chess_nowin_145_variant1,nominal,64,1000.0,0.76603,10.89
chess_nowin_145_variant1,nominal,128,0.0,0.382294,11.27
chess_nowin_145_variant1,nominal,128,0.1,0.664833,11.25
chess_nowin_145_variant1,nominal,128,1.0,0.534406,11.06
chess_nowin_145_variant1,nominal,128,10.0,0.854317,11.15
chess_nowin_145_variant1,nominal,128,100.0,0.749637,9.52
chess_nowin_145_variant1,nominal,128,1000.0,0.727365,10.82
chess_nowin_145_variant1,nominal,256,0.0,0.330518,11.42
chess_nowin_145_variant1,nominal,256,0.1,0.641706,11.55
chess_nowin_145_variant1,nominal,256,1.0,0.532915,11.89
chess_nowin_145_variant1,nominal,256,10.0,0.754455,11.39
chess_nowin_145_variant1,nominal,256,100.0,0.666813,11.46
chess_nowin_145_variant1,nominal,256,1000.0,0.671209,12.06
chess_nowin_16_variant1,nominal,16,0.0,0.639867,10.75
chess_nowin_16_variant1,nominal,16,0.1,0.572386,10.81
chess_nowin_16_variant1,nominal,16,1.0,0.825045,10.47
chess_nowin_16_variant1,nominal,16,10.0,0.949558,10.74
chess_nowin_16_variant1,nominal,16,100.0,0.931284,10.85
chess_nowin_16_variant1,nominal,16,1000.0,0.90874,10.88
chess_nowin_16_variant1,nominal,32,0.0,0.313511,11.02
chess_nowin_16_variant1,nominal,32,0.1,0.440496,10.94
chess_nowin_16_variant1,nominal,32,1.0,0.87485,10.59
chess_nowin_16_variant1,nominal,32,10.0,0.920611,10.53
chess_nowin_16_variant1,nominal,32,100.0,0.949109,10.64
chess_nowin_16_variant1,nominal,32,1000.0,0.940758,10.53
chess_nowin_16_variant1,nominal,64,0.0,0.445252,10.69
chess_nowin_16_variant1,nominal,64,0.1,0.601595,11.23
chess_nowin_16_variant1,nominal,64,1.0,0.82643,11.12
chess_nowin_16_variant1,nominal,64,10.0,0.948959,11.28
chess_nowin_16_variant1,nominal,64,100.0,0.945701,11.11
chess_nowin_16_variant1,nominal,64,1000.0,0.945851,10.94
chess_nowin_16_variant1,nominal,128,0.0,0.359984,11.22
chess_nowin_16_variant1,nominal,128,0.1,0.620469,11.28
chess_nowin_16_variant1,nominal,128,1.0,0.830512,11.08
chess_nowin_16_variant1,nominal,128,10.0,0.950007,10.99
chess_nowin_16_variant1,nominal,128,100.0,0.945439,11.13
chess_nowin_16_variant1,nominal,128,1000.0,0.94469,11.42
chess_nowin_16_variant1,nominal,256,0.0,0.315196,11.92
chess_nowin_16_variant1,nominal,256,0.1,0.679786,11.59
chess_nowin_16_variant1,nominal,256,1.0,0.881628,11.72
chess_nowin_16_variant1,nominal,256,10.0,0.947686,11.93
chess_nowin_16_variant1,nominal,256,100.0,0.94499,11.53
chess_nowin_16_variant1,nominal,256,1000.0,0.94469,11.44
chess_nowin_185_variant1,nominal,16,0.0,0.545308,10.74
chess_nowin_185_variant1,nominal,16,0.1,0.453665,10.93
chess_nowin_185_variant1,nominal,16,1.0,0.523026,10.86
chess_nowin_185_variant1,nominal,16,10.0,0.674474,11.06
chess_nowin_185_variant1,nominal,16,100.0,0.708749,10.43
chess_nowin_185_variant1,nominal,16,1000.0,0.707868,10.8
chess_nowin_185_variant1,nominal,32,0.0,0.488148,10.65
chess_nowin_185_variant1,nominal,32,0.1,0.615828,10.69
chess_nowin_185_variant1,nominal,32,1.0,0.54671,10.65
chess_nowin_185_variant1,nominal,32,10.0,0.779156,10.38
chess_nowin_185_variant1,nominal,32,100.0,0.750341,10.46
chess_nowin_185_variant1,nominal,32,1000.0,0.760161,10.57
chess_nowin_185_variant1,nominal,64,0.0,0.346662,10.82
chess_nowin_185_variant1,nominal,64,0.1,0.634308,11.12
chess_nowin_185_variant1,nominal,64,1.0,0.531446,10.68
chess_nowin_185_variant1,nominal,64,10.0,0.832828,11.06
chess_nowin_185_variant1,nominal,64,100.0,0.714385,10.71
chess_nowin_185_variant1,nominal,64,1000.0,0.70383,11.02
chess_nowin_185_variant1,nominal,128,0.0,0.377857,11.04
chess_nowin_185_variant1,nominal,128,0.1,0.675232,10.95
chess_nowin_185_variant1,nominal,128,1.0,0.538782,10.85
chess_nowin_185_variant1,nominal,128,10.0,0.851521,11.21
chess_nowin_185_variant1,nominal,128,100.0,0.676524,11.12
chess_nowin_185_variant1,nominal,128,1000.0,0.664599,11.26
chess_nowin_185_variant1,nominal,256,0.0,0.330795,11.79
chess_nowin_185_variant1,nominal,256,0.1,0.655375,11.48
chess_nowin_185_variant1,nominal,256,1.0,0.533202,11.54
chess_nowin_185_variant1,nominal,256,10.0,0.681726,12.03
chess_nowin_185_variant1,nominal,256,100.0,0.593753,11.57
chess_nowin_185_variant1,nominal,256,1000.0,0.59819,11.67
chess_nowin_227_variant1,nominal,16,0.0,0.626295,10.93
chess_nowin_227_variant1,nominal,16,0.1,0.556489,10.9
chess_nowin_227_variant1,nominal,16,1.0,0.458628,10.74
chess_nowin_227_variant1,nominal,16,10.0,0.664016,10.93
chess_nowin_227_variant1,nominal,16,100.0,0.614087,11.03
chess_nowin_227_variant1,nominal,16,1000.0,0.616582,10.95
chess_nowin_227_variant1,nominal,32,0.0,0.276562,11.02
chess_nowin_227_variant1,nominal,32,0.1,0.515305,10.96
chess_nowin_227_variant1,nominal,32,1.0,0.489259,10.64
chess_nowin_227_variant1,nominal,32,10.0,0.702048,10.56
chess_nowin_227_variant1,nominal,32,100.0,0.596292,10.88
chess_nowin_227_variant1,nominal,32,1000.0,0.581962,10.8
chess_nowin_227_variant1,nominal,64,0.0,0.251682,10.59
chess_nowin_227_variant1,nominal,64,0.1,0.607898,10.5
chess_nowin_227_variant1,nominal,64,1.0,0.521114,10.54
chess_nowin_227_variant1,nominal,64,10.0,0.652793,10.8
chess_nowin_227_variant1,nominal,64,100.0,0.656171,10.93
chess_nowin_227_variant1,nominal,64,1000.0,0.678987,10.71
chess_nowin_227_variant1,nominal,128,0.0,0.304284,11.31
chess_nowin_227_variant1,nominal,128,0.1,0.664451,10.84
chess_nowin_227_variant1,nominal,128,1.0,0.518694,10.93
chess_nowin_227_variant1,nominal,128,10.0,0.590649,10.78
chess_nowin_227_variant1,nominal,128,100.0,0.658695,10.9
chess_nowin_227_variant1,nominal,128,1000.0,0.668648,10.92
chess_nowin_227_variant1,nominal,256,0.0,0.384263,12.02
chess_nowin_227_variant1,nominal,256,0.1,0.648554,11.55
chess_nowin_227_variant1,nominal,256,1.0,0.507323,11.33
chess_nowin_227_variant1,nominal,256,10.0,0.674534,11.33
chess_nowin_227_variant1,nominal,256,100.0,0.657583,11.62
chess_nowin_227_variant1,nominal,256,1000.0,0.682046,9.4
chess_nowin_34_variant1,nominal,16,0.0,0.669651,10.25
chess_nowin_34_variant1,nominal,16,0.1,0.520054,10.61
chess_nowin_34_variant1,nominal,16,1.0,0.730871,11.32
chess_nowin_34_variant1,nominal,16,10.0,0.897191,10.97
chess_nowin_34_variant1,nominal,16,100.0,0.941758,10.89
chess_nowin_34_variant1,nominal,16,1000.0,0.919959,11.08
chess_nowin_34_variant1,nominal,32,0.0,0.552092,11.22
chess_nowin_34_variant1,nominal,32,0.1,0.569926,11.11
chess_nowin_34_variant1,nominal,32,1.0,0.699133,11.15
chess_nowin_34_variant1,nominal,32,10.0,0.926532,11.07
chess_nowin_34_variant1,nominal,32,100.0,0.909632,10.96
chess_nowin_34_variant1,nominal,32,1000.0,0.908082,10.93
chess_nowin_34_variant1,nominal,64,0.0,0.398336,10.85
chess_nowin_34_variant1,nominal,64,0.1,0.566648,11.11
chess_nowin_34_variant1,nominal,64,1.0,0.727611,11.11
chess_nowin_34_variant1,nominal,64,10.0,0.952649,10.61
chess_nowin_34_variant1,nominal,64,100.0,0.94886,10.65
chess_nowin_34_variant1,nominal,64,1000.0,0.938921,10.22
chess_nowin_34_variant1,nominal,128,0.0,0.435995,11.11
chess_nowin_34_variant1,nominal,128,0.1,0.688612,11.29
chess_nowin_34_variant1,nominal,128,1.0,0.731435,11.03
chess_nowin_34_variant1,nominal,128,10.0,0.953195,10.74
chess_nowin_34_variant1,nominal,128,100.0,0.93552,10.87
chess_nowin_34_variant1,nominal,128,1000.0,0.917228,10.79
chess_nowin_34_variant1,nominal,256,0.0,0.316216,11.76
chess_nowin_34_variant1,nominal,256,0.1,0.627357,11.65
chess_nowin_34_variant1,nominal,256,1.0,0.717214,11.04
chess_nowin_34_variant1,nominal,256,10.0,0.943326,10.97
chess_nowin_34_variant1,nominal,256,100.0,0.903623,11.54
chess_nowin_34_variant1,nominal,256,1000.0,0.898072,11.55
chess_nowin_87_variant1,nominal,16,0.0,0.665503,10.43
chess_nowin_87_variant1,nominal,16,0.1,0.576854,11.1
chess_nowin_87_variant1,nominal,16,1.0,0.641839,10.64
chess_nowin_87_variant1,nominal,16,10.0,0.744675,10.88
chess_nowin_87_variant1,nominal,16,100.0,0.851236,10.82
chess_nowin_87_variant1,nominal,16,1000.0,0.851009,10.9
chess_nowin_87_variant1,nominal,32,0.0,0.435693,11.01
chess_nowin_87_variant1,nominal,32,0.1,0.640228,11.1
chess_nowin_87_variant1,nominal,32,1.0,0.614808,10.75
chess_nowin_87_variant1,nominal,32,10.0,0.86366,10.95
chess_nowin_87_variant1,nominal,32,100.0,0.806939,11.19
chess_nowin_87_variant1,nominal,32,1000.0,0.806774,11.09
chess_nowin_87_variant1,nominal,64,0.0,0.227778,11.06
chess_nowin_87_variant1,nominal,64,0.1,0.626654,10.98
chess_nowin_87_variant1,nominal,64,1.0,0.605807,10.96
chess_nowin_87_variant1,nominal,64,10.0,0.897192,10.81
chess_nowin_87_variant1,nominal,64,100.0,0.851821,11.2
chess_nowin_87_variant1,nominal,64,1000.0,0.845719,10.8
chess_nowin_87_variant1,nominal,128,0.0,0.393649,11.36
chess_nowin_87_variant1,nominal,128,0.1,0.655847,11.11
chess_nowin_87_variant1,nominal,128,1.0,0.613741,10.78
chess_nowin_87_variant1,nominal,128,10.0,0.819618,11.49
chess_nowin_87_variant1,nominal,128,100.0,0.848233,11.04
chess_nowin_87_variant1,nominal,128,1000.0,0.847062,10.49
chess_nowin_87_variant1,nominal,256,0.0,0.319325,11.77
chess_nowin_87_variant1,nominal,256,0.1,0.681074,11.46
chess_nowin_87_variant1,nominal,256,1.0,0.613128,11.37
chess_nowin_87_variant1,nominal,256,10.0,0.875919,11.13
chess_nowin_87_variant1,nominal,256,100.0,0.853688,10.87
chess_nowin_87_variant1,nominal,256,1000.0,0.844011,11.55
abalone_variant1,mixed,16,0.0,0.490857,22.05
abalone_variant1,mixed,16,0.1,0.700722,23.0
abalone_variant1,mixed,16,1.0,0.707264,22.25
abalone_variant1,mixed,16,10.0,0.689382,22.03
abalone_variant1,mixed,16,100.0,0.685635,22.15
abalone_variant1,mixed,16,1000.0,0.741275,21.63
abalone_variant1,mixed,32,0.0,0.539087,22.14
abalone_variant1,mixed,32,0.1,0.683143,23.62
abalone_variant1,mixed,32,1.0,0.749164,21.76
abalone_variant1,mixed,32,10.0,0.659519,22.42
abalone_variant1,mixed,32,100.0,0.71283,21.34
abalone_variant1,mixed,32,1000.0,0.702587,19.93
abalone_variant1,mixed,64,0.0,0.523102,21.4
abalone_variant1,mixed,64,0.1,0.68895,22.8
abalone_variant1,mixed,64,1.0,0.753829,21.72
abalone_variant1,mixed,64,10.0,0.680323,22.44
abalone_variant1,mixed,64,100.0,0.672517,22.27
abalone_variant1,mixed,64,1000.0,0.683757,22.66
abalone_variant1,mixed,128,0.0,0.541962,24.54
abalone_variant1,mixed,128,0.1,0.662494,25.25
abalone_variant1,mixed,128,1.0,0.760738,24.09
abalone_variant1,mixed,128,10.0,0.682763,23.98
abalone_variant1,mixed,128,100.0,0.659006,24.44
abalone_variant1,mixed,128,1000.0,0.660566,24.12
abalone_variant1,mixed,256,0.0,0.525076,29.8
abalone_variant1,mixed,256,0.1,0.676665,31.17
abalone_variant1,mixed,256,1.0,0.758947,28.56
abalone_variant1,mixed,256,10.0,0.682123,29.17
abalone_variant1,mixed,256,100.0,0.687013,27.73
abalone_variant1,mixed,256,1000.0,0.677512,26.5
autos_variant1,mixed,16,0.0,0.600667,2.64
autos_variant1,mixed,16,0.1,0.453778,2.75
autos_variant1,mixed,16,1.0,0.515111,2.73
autos_variant1,mixed,16,10.0,0.908889,2.81
autos_variant1,mixed,16,100.0,0.904667,2.69
autos_variant1,mixed,16,1000.0,0.904,2.71
autos_variant1,mixed,32,0.0,0.536667,2.55
autos_variant1,mixed,32,0.1,0.494444,2.57
autos_variant1,mixed,32,1.0,0.400444,2.6
autos_variant1,mixed,32,10.0,0.925333,2.51
autos_variant1,mixed,32,100.0,0.910667,2.6
autos_variant1,mixed,32,1000.0,0.917111,2.55
autos_variant1,mixed,64,0.0,0.498889,2.55
autos_variant1,mixed,64,0.1,0.381333,2.69
autos_variant1,mixed,64,1.0,0.374,2.83
autos_variant1,mixed,64,10.0,0.900889,2.63
autos_variant1,mixed,64,100.0,0.897556,2.62
autos_variant1,mixed,64,1000.0,0.895556,2.64
autos_variant1,mixed,128,0.0,0.817556,2.63
autos_variant1,mixed,128,0.1,0.471333,2.59
autos_variant1,mixed,128,1.0,0.364889,2.73
autos_variant1,mixed,128,10.0,0.730889,2.54
autos_variant1,mixed,128,100.0,0.733111,2.88
autos_variant1,mixed,128,1000.0,0.731333,2.81
autos_variant1,mixed,256,0.0,0.585111,2.74
autos_variant1,mixed,256,0.1,0.400222,2.74
autos_variant1,mixed,256,1.0,0.378,2.71
autos_variant1,mixed,256,10.0,0.902222,2.84
autos_variant1,mixed,256,100.0,0.911556,2.82
autos_variant1,mixed,256,1000.0,0.912222,2.79
bands_band_16_variant1,mixed,16,0.0,0.513421,2.65
bands_band_16_variant1,mixed,16,0.1,0.469351,2.72
bands_band_16_variant1,mixed,16,1.0,0.611779,2.53
bands_band_16_variant1,mixed,16,10.0,0.85597,2.68
bands_band_16_variant1,mixed,16,100.0,0.828926,2.8
bands_band_16_variant1,mixed,16,1000.0,0.82512,2.76
bands_band_16_variant1,mixed,32,0.0,0.393229,2.63
bands_band_16_variant1,mixed,32,0.1,0.445112,2.67
bands_band_16_variant1,mixed,32,1.0,0.58734,2.74
bands_band_16_variant1,mixed,32,10.0,0.861178,2.6
bands_band_16_variant1,mixed,32,100.0,0.876002,2.71
bands_band_16_variant1,mixed,32,1000.0,0.880809,2.69
bands_band_16_variant1,mixed,64,0.0,0.352163,2.68
bands_band_16_variant1,mixed,64,0.1,0.474359,2.76
bands_band_16_variant1,mixed,64,1.0,0.542268,2.69
bands_band_16_variant1,mixed,64,10.0,0.854167,2.69
bands_band_16_variant1,mixed,64,100.0,0.815505,2.81
bands_band_16_variant1,mixed,64,1000.0,0.815705,2.66
bands_band_16_variant1,mixed,128,0.0,0.29367,2.65
bands_band_16_variant1,mixed,128,0.1,0.653045,2.7
bands_band_16_variant1,mixed,128,1.0,0.619591,2.92
bands_band_16_variant1,mixed,128,10.0,0.895833,2.82
bands_band_16_variant1,mixed,128,100.0,0.743389,2.63
bands_band_16_variant1,mixed,128,1000.0,0.741587,2.62
bands_band_16_variant1,mixed,256,0.0,0.308894,2.75
bands_band_16_variant1,mixed,256,0.1,0.670272,2.73
bands_band_16_variant1,mixed,256,1.0,0.54347,2.86
bands_band_16_variant1,mixed,256,10.0,0.751603,2.87
bands_band_16_variant1,mixed,256,100.0,0.772035,2.79
bands_band_16_variant1,mixed,256,1000.0,0.769832,2.82
bands_band_27_variant1,mixed,16,0.0,0.556387,2.62
bands_band_27_variant1,mixed,16,0.1,0.617047,2.84
bands_band_27_variant1,mixed,16,1.0,0.681268,2.69
bands_band_27_variant1,mixed,16,10.0,0.847222,2.73
bands_band_27_variant1,mixed,16,100.0,0.824668,2.72
bands_band_27_variant1,mixed,16,1000.0,0.822887,2.64
bands_band_27_variant1,mixed,32,0.0,0.365859,2.65
bands_band_27_variant1,mixed,32,0.1,0.595085,2.77
bands_band_27_variant1,mixed,32,1.0,0.626781,2.74
bands_band_27_variant1,mixed,32,10.0,0.839031,2.7
bands_band_27_variant1,mixed,32,100.0,0.847104,2.66
bands_band_27_variant1,mixed,32,1000.0,0.849478,2.62
bands_band_27_variant1,mixed,64,0.0,0.346985,2.45
bands_band_27_variant1,mixed,64,0.1,0.569801,2.64
bands_band_27_variant1,mixed,64,1.0,0.645299,2.73
bands_band_27_variant1,mixed,64,10.0,0.856719,2.95
bands_band_27_variant1,mixed,64,100.0,0.852208,2.71
bands_band_27_variant1,mixed,64,1000.0,0.852564,2.86
bands_band_27_variant1,mixed,128,0.0,0.340218,2.68
bands_band_27_variant1,mixed,128,0.1,0.643993,2.66
bands_band_27_variant1,mixed,128,1.0,0.624644,2.68
bands_band_27_variant1,mixed,128,10.0,0.849596,2.73
bands_band_27_variant1,mixed,128,100.0,0.84556,2.68
bands_band_27_variant1,mixed,128,1000.0,0.844373,2.62
bands_band_27_variant1,mixed,256,0.0,0.338557,2.82
bands_band_27_variant1,mixed,256,0.1,0.721154,2.64
bands_band_27_variant1,mixed,256,1.0,0.622507,2.63
bands_band_27_variant1,mixed,256,10.0,0.840931,2.59
bands_band_27_variant1,mixed,256,100.0,0.846273,2.7
bands_band_27_variant1,mixed,256,1000.0,0.84651,2.68
bands_band_34_variant1,mixed,16,0.0,0.586538,2.5
bands_band_34_variant1,mixed,16,0.1,0.612179,2.64
bands_band_34_variant1,mixed,16,1.0,0.643194,2.61
bands_band_34_variant1,mixed,16,10.0,0.827206,2.56
bands_band_34_variant1,mixed,16,100.0,0.791478,2.67
bands_band_34_variant1,mixed,16,1000.0,0.790913,2.73
bands_band_34_variant1,mixed,32,0.0,0.323247,2.71
bands_band_34_variant1,mixed,32,0.1,0.5806,2.59
bands_band_34_variant1,mixed,32,1.0,0.587104,2.58
bands_band_34_variant1,mixed,32,10.0,0.843703,2.79
bands_band_34_variant1,mixed,32,100.0,0.847568,2.38
bands_band_34_variant1,mixed,32,1000.0,0.851056,2.46
bands_band_34_variant1,mixed,64,0.0,0.325321,2.6
bands_band_34_variant1,mixed,64,0.1,0.602658,2.79
bands_band_34_variant1,mixed,64,1.0,0.600867,2.54
bands_band_34_variant1,mixed,64,10.0,0.850019,2.58
bands_band_34_variant1,mixed,64,100.0,0.848133,2.68
bands_band_34_variant1,mixed,64,1000.0,0.846719,2.77
bands_band_34_variant1,mixed,128,0.0,0.346908,2.6
bands_band_34_variant1,mixed,128,0.1,0.640271,2.74
bands_band_34_variant1,mixed,128,1.0,0.583428,2.67
bands_band_34_variant1,mixed,128,10.0,0.850773,2.61
bands_band_34_variant1,mixed,128,100.0,0.850679,2.51
bands_band_34_variant1,mixed,128,1000.0,0.849925,2.45
bands_band_34_variant1,mixed,256,0.0,0.303639,2.75
bands_band_34_variant1,mixed,256,0.1,0.666384,2.76
bands_band_34_variant1,mixed,256,1.0,0.597285,2.74
bands_band_34_variant1,mixed,256,10.0,0.841252,2.88
bands_band_34_variant1,mixed,256,100.0,0.79902,2.77
bands_band_34_variant1,mixed,256,1000.0,0.793741,2.73
bands_band_42_variant1,mixed,16,0.0,0.586538,2.53
bands_band_42_variant1,mixed,16,0.1,0.574252,2.68
bands_band_42_variant1,mixed,16,1.0,0.615919,2.78
bands_band_42_variant1,mixed,16,10.0,0.822421,2.55
bands_band_42_variant1,mixed,16,100.0,0.732143,2.66
bands_band_42_variant1,mixed,16,1000.0,0.726343,2.7
bands_band_42_variant1,mixed,32,0.0,0.306929,2.61
bands_band_42_variant1,mixed,32,0.1,0.576007,2.7
bands_band_42_variant1,mixed,32,1.0,0.544109,2.8
bands_band_42_variant1,mixed,32,10.0,0.82265,2.63
bands_band_42_variant1,mixed,32,100.0,0.804716,2.76
bands_band_42_variant1,mixed,32,1000.0,0.804335,2.72
bands_band_42_variant1,mixed,64,0.0,0.487561,2.63
bands_band_42_variant1,mixed,64,0.1,0.596764,2.59
bands_band_42_variant1,mixed,64,1.0,0.574405,2.64
bands_band_42_variant1,mixed,64,10.0,0.807845,2.84
bands_band_42_variant1,mixed,64,100.0,0.763126,2.85
bands_band_42_variant1,mixed,64,1000.0,0.763431,2.87
bands_band_42_variant1,mixed,128,0.0,0.448565,2.5
bands_band_42_variant1,mixed,128,0.1,0.650259,2.68
bands_band_42_variant1,mixed,128,1.0,0.554869,2.6
bands_band_42_variant1,mixed,128,10.0,0.501984,2.77
bands_band_42_variant1,mixed,128,100.0,0.53373,2.8
bands_band_42_variant1,mixed,128,1000.0,0.541438,2.88
bands_band_42_variant1,mixed,256,0.0,0.289225,2.73
bands_band_42_variant1,mixed,256,0.1,0.667964,2.73
bands_band_42_variant1,mixed,256,1.0,0.578755,2.68
bands_band_42_variant1,mixed,256,10.0,0.589515,2.66
bands_band_42_variant1,mixed,256,100.0,0.649649,2.68
bands_band_42_variant1,mixed,256,1000.0,0.652701,2.61
bands_band_6_variant1,mixed,16,0.0,0.730235,2.75
bands_band_6_variant1,mixed,16,0.1,0.544872,2.8
bands_band_6_variant1,mixed,16,1.0,0.645833,2.81
bands_band_6_variant1,mixed,16,10.0,1.0,2.78
bands_band_6_variant1,mixed,16,100.0,0.969017,2.89
bands_band_6_variant1,mixed,16,1000.0,0.956731,2.81
bands_band_6_variant1,mixed,32,0.0,0.314637,2.64
bands_band_6_variant1,mixed,32,0.1,0.606838,2.72
bands_band_6_variant1,mixed,32,1.0,0.794338,2.72
bands_band_6_variant1,mixed,32,10.0,0.987179,2.72
bands_band_6_variant1,mixed,32,100.0,0.979167,2.7
bands_band_6_variant1,mixed,32,1000.0,0.978632,2.77
bands_band_6_variant1,mixed,64,0.0,0.314637,2.65
bands_band_6_variant1,mixed,64,0.1,0.719017,2.83
bands_band_6_variant1,mixed,64,1.0,0.605769,2.76
bands_band_6_variant1,mixed,64,10.0,0.696047,2.57
bands_band_6_variant1,mixed,64,100.0,0.723825,2.66
bands_band_6_variant1,mixed,64,1000.0,0.726496,2.64
bands_band_6_variant1,mixed,128,0.0,0.278312,2.75
bands_band_6_variant1,mixed,128,0.1,0.536859,2.81
bands_band_6_variant1,mixed,128,1.0,0.717415,2.69
bands_band_6_variant1,mixed,128,10.0,0.988782,2.69
bands_band_6_variant1,mixed,128,100.0,0.981838,2.75
bands_band_6_variant1,mixed,128,1000.0,0.651709,2.65
bands_band_6_variant1,mixed,256,0.0,0.285791,2.81
bands_band_6_variant1,mixed,256,0.1,0.56891,2.8
bands_band_6_variant1,mixed,256,1.0,0.701389,2.79
bands_band_6_variant1,mixed,256,10.0,0.716346,2.85
bands_band_6_variant1,mixed,256,100.0,0.725962,2.81
bands_band_6_variant1,mixed,256,1000.0,0.705662,2.75
nhanes_age_364,mixed,16,0.0,0.946124,11.15
nhanes_age_364,mixed,16,0.1,0.961511,11.55
nhanes_age_364,mixed,16,1.0,0.924363,11.18
nhanes_age_364,mixed,16,10.0,0.86115,10.74
nhanes_age_364,mixed,16,100.0,0.984391,10.94
nhanes_age_364,mixed,16,1000.0,0.979687,10.68
nhanes_age_364,mixed,32,0.0,0.940858,10.58
nhanes_age_364,mixed,32,0.1,0.953307,11.22
nhanes_age_364,mixed,32,1.0,0.922012,11.14
nhanes_age_364,mixed,32,10.0,0.911578,10.3
nhanes_age_364,mixed,32,100.0,0.900713,10.83
nhanes_age_364,mixed,32,1000.0,0.889038,10.05
nhanes_age_364,mixed,64,0.0,0.956393,10.28
nhanes_age_364,mixed,64,0.1,0.958804,10.92
nhanes_age_364,mixed,64,1.0,0.920769,11.38
nhanes_age_364,mixed,64,10.0,0.890598,10.5
nhanes_age_364,mixed,64,100.0,0.799208,11.07
nhanes_age_364,mixed,64,1000.0,0.787953,10.84
nhanes_age_364,mixed,128,0.0,0.952896,11.34
nhanes_age_364,mixed,128,0.1,0.958464,11.62
nhanes_age_364,mixed,128,1.0,0.918307,11.03
nhanes_age_364,mixed,128,10.0,0.878319,11.12
nhanes_age_364,mixed,128,100.0,0.730296,11.42
nhanes_age_364,mixed,128,1000.0,0.712019,11.13
nhanes_age_364,mixed,256,0.0,0.946571,11.93
nhanes_age_364,mixed,256,0.1,0.95274,12.43
nhanes_age_364,mixed,256,1.0,0.921273,11.9
nhanes_age_364,mixed,256,10.0,0.858805,11.74
nhanes_age_364,mixed,256,100.0,0.852825,11.82
nhanes_age_364,mixed,256,1000.0,0.823422,12.07
psdas_dropout_1421,mixed,16,0.0,0.5718,17.54
psdas_dropout_1421,mixed,16,0.1,0.439576,16.53
psdas_dropout_1421,mixed,16,1.0,0.456288,16.77
psdas_dropout_1421,mixed,16,10.0,0.705985,17.08
psdas_dropout_1421,mixed,16,100.0,0.666389,16.45
psdas_dropout_1421,mixed,16,1000.0,0.666703,16.2
psdas_dropout_1421,mixed,32,0.0,0.497548,17.52
psdas_dropout_1421,mixed,32,0.1,0.417219,16.6
psdas_dropout_1421,mixed,32,1.0,0.498354,16.12
psdas_dropout_1421,mixed,32,10.0,0.73812,16.12
psdas_dropout_1421,mixed,32,100.0,0.696495,14.94
psdas_dropout_1421,mixed,32,1000.0,0.685268,15.4
psdas_dropout_1421,mixed,64,0.0,0.330598,17.0
psdas_dropout_1421,mixed,64,0.1,0.420061,17.03
psdas_dropout_1421,mixed,64,1.0,0.559849,16.87
psdas_dropout_1421,mixed,64,10.0,0.738465,16.53
psdas_dropout_1421,mixed,64,100.0,0.723008,16.53
psdas_dropout_1421,mixed,64,1000.0,0.72257,16.74
psdas_dropout_1421,mixed,128,0.0,0.304041,19.59
psdas_dropout_1421,mixed,128,0.1,0.414039,17.83
psdas_dropout_1421,mixed,128,1.0,0.562351,18.01
psdas_dropout_1421,mixed,128,10.0,0.732914,17.62
psdas_dropout_1421,mixed,128,100.0,0.740093,17.71
psdas_dropout_1421,mixed,128,1000.0,0.731764,18.06
psdas_dropout_1421,mixed,256,0.0,0.392387,26.35
psdas_dropout_1421,mixed,256,0.1,0.406909,20.46
psdas_dropout_1421,mixed,256,1.0,0.565482,19.9
psdas_dropout_1421,mixed,256,10.0,0.741612,19.36
psdas_dropout_1421,mixed,256,100.0,0.765808,19.43
psdas_dropout_1421,mixed,256,1000.0,0.744959,20.0
vertebral,extended,64,100.0,0.8116,49.0
breast_cancer_variant1,extended,16,10.0,0.708,70.0
annealing_variant1,extended,64,1.0,0.9009,137.2
arrhythmia_variant1,extended,64,1000.0,0.8553,72.8
glass,extended,32,100.0,0.8678,58.6
sick_sick_72_variant1,extended,32,1.0,0.889,498.3
audiology_variant1,extended,256,10.0,0.9992,65.4
sick_sick_35_variant1,extended,128,0.1,0.9079,532.9
letter,extended,128,1000.0,0.8482,219.2
zoo_variant1,extended,256,100.0,1.0,80.6
ecoli,extended,128,1000.0,0.9575,48.5
german_1_14_variant1,extended,256,10.0,0.9403,143.9
vowels,extended,32,1000.0,0.9827,223.0
thyroid,extended,16,1.0,0.9846,603.8
horse_1_12_variant1,extended,256,100.0,0.9686,74.9
creditA_plus_42_variant1,extended,32,1.0,0.8402,72.0
wine,extended,32,1000.0,0.942,48.8
heart270_2_16_variant1,extended,256,10.0,0.9704,72.5
vote_republican_29_variant1,extended,128,100.0,0.9986,73.7
lymphography,extended,16,10.0,1.0,79.5
tic_tac_toe_negative_69_variant1,extended,16,10.0,1.0,145.8
musk,extended,16,0.0,0.9994,455.0
iris_Irisvirginica_11_variant1,extended,16,1.0,0.9718,51.4
hepatitis_2_9_variant1,extended,64,10.0,1.0,50.9
monks_0_12_variant1,extended,32,100.0,1.0,65.3
monks_0_25_variant1,extended,256,10.0,1.0,67.7
monks_0_4_variant1,extended,128,10.0,1.0,64.1
tic_tac_toe_negative_12_variant1,extended,16,10.0,1.0,147.4
tic_tac_toe_negative_26_variant1,extended,16,100.0,1.0,153.1
tic_tac_toe_negative_32_variant1,extended,16,10.0,1.0,142.1
tic_tac_toe_negative_54_variant1,extended,16,10.0,1.0,154.2
