dataset,latent_dim,lambda_scatter,auc,elapsed_s
abalone_variant1,16,0.0,0.535778,23.5
abalone_variant1,16,0.1,0.661712,21.2
abalone_variant1,16,1.0,0.720188,20.5
abalone_variant1,16,10.0,0.689629,20.3
abalone_variant1,16,100.0,0.669601,18.8
abalone_variant1,16,1000.0,0.718476,19.0
abalone_variant1,32,0.0,0.526558,19.6
abalone_variant1,32,0.1,0.650401,21.0
abalone_variant1,32,1.0,0.735573,19.5
abalone_variant1,32,10.0,0.652572,19.6
abalone_variant1,32,100.0,0.715873,19.0
abalone_variant1,32,1000.0,0.700178,19.2
abalone_variant1,64,0.0,0.528186,19.0
abalone_variant1,64,0.1,0.654018,19.9
abalone_variant1,64,1.0,0.73363,18.3
abalone_variant1,64,10.0,0.672375,18.7
abalone_variant1,64,100.0,0.664233,19.3
abalone_variant1,64,1000.0,0.67319,18.8
abalone_variant1,128,0.0,0.552378,19.8
abalone_variant1,128,0.1,0.631534,21.5
abalone_variant1,128,1.0,0.736676,20.5
abalone_variant1,128,10.0,0.672959,20.8
abalone_variant1,128,100.0,0.651917,20.6
abalone_variant1,128,1000.0,0.648257,19.3
abalone_variant1,256,0.0,0.528964,23.6
abalone_variant1,256,0.1,0.645721,24.5
abalone_variant1,256,1.0,0.733587,22.7
abalone_variant1,256,10.0,0.671186,22.7
abalone_variant1,256,100.0,0.672415,22.5
abalone_variant1,256,1000.0,0.673058,22.7
annealing_variant1,16,0.0,0.728584,4.1
annealing_variant1,16,0.1,0.694822,4.0
annealing_variant1,16,1.0,0.689185,4.1
annealing_variant1,16,10.0,0.747103,3.9
annealing_variant1,16,100.0,0.786281,4.2
annealing_variant1,16,1000.0,0.74474,4.3
annealing_variant1,32,0.0,0.572751,4.3
annealing_variant1,32,0.1,0.779667,4.3
annealing_variant1,32,1.0,0.748551,4.3
annealing_variant1,32,10.0,0.753149,4.0
annealing_variant1,32,100.0,0.771416,4.1
annealing_variant1,32,1000.0,0.793777,4.1
annealing_variant1,64,0.0,0.67454,4.2
annealing_variant1,64,0.1,0.746567,4.1
annealing_variant1,64,1.0,0.810406,4.1
annealing_variant1,64,10.0,0.769936,4.1
annealing_variant1,64,100.0,0.805556,4.0
annealing_variant1,64,1000.0,0.81028,4.1
annealing_variant1,128,0.0,0.584719,4.4
annealing_variant1,128,0.1,0.808894,4.4
annealing_variant1,128,1.0,0.82757,3.9
annealing_variant1,128,10.0,0.814405,4.0
annealing_variant1,128,100.0,0.827286,4.2
annealing_variant1,128,1000.0,0.808264,4.2
annealing_variant1,256,0.0,0.699483,4.5
annealing_variant1,256,0.1,0.758062,4.1
annealing_variant1,256,1.0,0.819696,4.0
annealing_variant1,256,10.0,0.779195,4.4
annealing_variant1,256,100.0,0.785714,4.2
annealing_variant1,256,1000.0,0.780675,4.2
annthyroid,16,0.0,0.735126,32.0
annthyroid,16,0.1,0.694609,34.6
annthyroid,16,1.0,0.62518,31.5
annthyroid,16,10.0,0.602402,32.6
annthyroid,16,100.0,0.640645,32.7
annthyroid,16,1000.0,0.615748,31.6
annthyroid,32,0.0,0.733351,31.3
annthyroid,32,0.1,0.677826,32.5
annthyroid,32,1.0,0.623108,32.2
annthyroid,32,10.0,0.612331,32.7
annthyroid,32,100.0,0.633671,33.5
annthyroid,32,1000.0,0.585145,32.6
annthyroid,64,0.0,0.723572,33.9
annthyroid,64,0.1,0.672086,35.5
annthyroid,64,1.0,0.626554,34.3
annthyroid,64,10.0,0.612549,34.0
annthyroid,64,100.0,0.64293,32.8
annthyroid,64,1000.0,0.622432,33.5
annthyroid,128,0.0,0.733445,35.3
annthyroid,128,0.1,0.68084,37.5
annthyroid,128,1.0,0.62701,37.2
annthyroid,128,10.0,0.612289,37.9
annthyroid,128,100.0,0.648016,37.8
annthyroid,128,1000.0,0.613662,38.0
annthyroid,256,0.0,0.731307,44.2
annthyroid,256,0.1,0.68304,43.6
annthyroid,256,1.0,0.627507,43.9
annthyroid,256,10.0,0.614035,44.1
annthyroid,256,100.0,0.645331,44.2
annthyroid,256,1000.0,0.5728,41.8
arrhythmia_variant1,16,0.0,0.686018,1.9
arrhythmia_variant1,16,0.1,0.686057,2.2
arrhythmia_variant1,16,1.0,0.671809,2.1
arrhythmia_variant1,16,10.0,0.713652,2.1
arrhythmia_variant1,16,100.0,0.727116,2.2
arrhythmia_variant1,16,1000.0,0.753022,2.1
arrhythmia_variant1,32,0.0,0.683153,2.2
arrhythmia_variant1,32,0.1,0.679738,2.3
arrhythmia_variant1,32,1.0,0.666745,2.1
arrhythmia_variant1,32,10.0,0.69799,2.2
arrhythmia_variant1,32,100.0,0.739559,2.4
arrhythmia_variant1,32,1000.0,0.765701,1.9
arrhythmia_variant1,64,0.0,0.652339,2.0
arrhythmia_variant1,64,0.1,0.651594,2.2
arrhythmia_variant1,64,1.0,0.654184,2.3
arrhythmia_variant1,64,10.0,0.73371,2.2
arrhythmia_variant1,64,100.0,0.735163,2.2
arrhythmia_variant1,64,1000.0,0.750981,2.1
arrhythmia_variant1,128,0.0,0.654538,2.2
arrhythmia_variant1,128,0.1,0.650652,2.3
arrhythmia_variant1,128,1.0,0.653753,2.2
arrhythmia_variant1,128,10.0,0.729078,2.5
arrhythmia_variant1,128,100.0,0.749607,2.5
arrhythmia_variant1,128,1000.0,0.759813,2.3
arrhythmia_variant1,256,0.0,0.663566,2.1
arrhythmia_variant1,256,0.1,0.655362,2.2
arrhythmia_variant1,256,1.0,0.653242,2.2
arrhythmia_variant1,256,10.0,0.70223,2.3
arrhythmia_variant1,256,100.0,0.761462,2.3
arrhythmia_variant1,256,1000.0,0.761187,2.2
audiology_variant1,16,0.0,0.678501,2.2
audiology_variant1,16,0.1,0.686183,2.4
audiology_variant1,16,1.0,0.745562,2.6
audiology_variant1,16,10.0,0.742136,2.2
audiology_variant1,16,100.0,0.764871,2.2
audiology_variant1,16,1000.0,0.810755,2.5
audiology_variant1,32,0.0,0.639468,2.4
audiology_variant1,32,0.1,0.663449,2.4
audiology_variant1,32,1.0,0.739126,2.3
audiology_variant1,32,10.0,0.744005,2.4
audiology_variant1,32,100.0,0.733416,2.1
audiology_variant1,32,1000.0,0.753555,2.2
audiology_variant1,64,0.0,0.725838,2.5
audiology_variant1,64,0.1,0.653794,2.4
audiology_variant1,64,1.0,0.68909,2.3
audiology_variant1,64,10.0,0.870549,2.3
audiology_variant1,64,100.0,0.74442,2.2
audiology_variant1,64,1000.0,0.745874,2.4
audiology_variant1,128,0.0,0.691581,2.0
audiology_variant1,128,0.1,0.602927,2.1
audiology_variant1,128,1.0,0.699055,2.1
audiology_variant1,128,10.0,0.852382,2.1
audiology_variant1,128,100.0,0.674971,2.2
audiology_variant1,128,1000.0,0.752829,2.2
audiology_variant1,256,0.0,0.674349,2.2
audiology_variant1,256,0.1,0.576248,2.2
audiology_variant1,256,1.0,0.706114,2.3
audiology_variant1,256,10.0,0.83868,2.5
audiology_variant1,256,100.0,0.742344,2.2
audiology_variant1,256,1000.0,0.74795,2.2
autos_variant1,16,0.0,0.499333,2.1
autos_variant1,16,0.1,0.515556,2.1
autos_variant1,16,1.0,0.625778,2.3
autos_variant1,16,10.0,0.722889,2.2
autos_variant1,16,100.0,0.684,2.5
autos_variant1,16,1000.0,0.68,2.2
autos_variant1,32,0.0,0.492667,2.2
autos_variant1,32,0.1,0.458222,2.3
autos_variant1,32,1.0,0.412,2.3
autos_variant1,32,10.0,0.729333,2.2
autos_variant1,32,100.0,0.673556,2.1
autos_variant1,32,1000.0,0.669556,2.1
autos_variant1,64,0.0,0.512889,2.1
autos_variant1,64,0.1,0.406667,2.2
autos_variant1,64,1.0,0.650222,2.1
autos_variant1,64,10.0,0.652444,2.3
autos_variant1,64,100.0,0.659111,2.2
autos_variant1,64,1000.0,0.598889,2.1
autos_variant1,128,0.0,0.488,2.1
autos_variant1,128,0.1,0.428667,2.1
autos_variant1,128,1.0,0.392222,2.2
autos_variant1,128,10.0,0.542222,2.1
autos_variant1,128,100.0,0.632444,2.1
autos_variant1,128,1000.0,0.638889,2.1
autos_variant1,256,0.0,0.681556,2.1
autos_variant1,256,0.1,0.446444,2.3
autos_variant1,256,1.0,0.406222,2.2
autos_variant1,256,10.0,0.650889,2.0
autos_variant1,256,100.0,0.634667,2.1
autos_variant1,256,1000.0,0.632222,2.1
bands_band_16_variant1,16,0.0,0.484575,2.1
bands_band_16_variant1,16,0.1,0.540465,2.2
bands_band_16_variant1,16,1.0,0.562901,2.2
bands_band_16_variant1,16,10.0,0.713742,2.1
bands_band_16_variant1,16,100.0,0.717147,2.3
bands_band_16_variant1,16,1000.0,0.728165,2.1
bands_band_16_variant1,32,0.0,0.458133,2.1
bands_band_16_variant1,32,0.1,0.504607,2.0
bands_band_16_variant1,32,1.0,0.558093,2.1
bands_band_16_variant1,32,10.0,0.750801,2.0
bands_band_16_variant1,32,100.0,0.726963,2.2
bands_band_16_variant1,32,1000.0,0.72476,2.0
bands_band_16_variant1,64,0.0,0.512821,2.0
bands_band_16_variant1,64,0.1,0.625801,2.3
bands_band_16_variant1,64,1.0,0.54387,2.0
bands_band_16_variant1,64,10.0,0.777043,2.2
bands_band_16_variant1,64,100.0,0.641627,2.1
bands_band_16_variant1,64,1000.0,0.640224,2.1
bands_band_16_variant1,128,0.0,0.485577,2.0
bands_band_16_variant1,128,0.1,0.528446,2.2
bands_band_16_variant1,128,1.0,0.63722,2.0
bands_band_16_variant1,128,10.0,0.551282,2.2
bands_band_16_variant1,128,100.0,0.630409,2.1
bands_band_16_variant1,128,1000.0,0.63121,2.1
bands_band_16_variant1,256,0.0,0.482973,2.1
bands_band_16_variant1,256,0.1,0.565905,2.2
bands_band_16_variant1,256,1.0,0.580529,2.1
bands_band_16_variant1,256,10.0,0.75,2.0
bands_band_16_variant1,256,100.0,0.580729,2.1
bands_band_16_variant1,256,1000.0,0.577524,2.1
bands_band_27_variant1,16,0.0,0.611349,2.0
bands_band_27_variant1,16,0.1,0.660731,2.0
bands_band_27_variant1,16,1.0,0.655864,2.1
bands_band_27_variant1,16,10.0,0.636159,2.2
bands_band_27_variant1,16,100.0,0.658951,2.0
bands_band_27_variant1,16,1000.0,0.66358,2.1
bands_band_27_variant1,32,0.0,0.611942,2.0
bands_band_27_variant1,32,0.1,0.677707,2.1
bands_band_27_variant1,32,1.0,0.634022,2.0
bands_band_27_variant1,32,10.0,0.659425,2.2
bands_band_27_variant1,32,100.0,0.645418,2.2
bands_band_27_variant1,32,1000.0,0.647198,2.1
bands_band_27_variant1,64,0.0,0.589031,2.1
bands_band_27_variant1,64,0.1,0.671178,2.2
bands_band_27_variant1,64,1.0,0.65076,2.2
bands_band_27_variant1,64,10.0,0.678894,2.1
bands_band_27_variant1,64,100.0,0.659544,2.0
bands_band_27_variant1,64,1000.0,0.660375,2.1
bands_band_27_variant1,128,0.0,0.529084,2.0
bands_band_27_variant1,128,0.1,0.636277,2.1
bands_band_27_variant1,128,1.0,0.650166,2.1
bands_band_27_variant1,128,10.0,0.696819,2.1
bands_band_27_variant1,128,100.0,0.696225,2.2
bands_band_27_variant1,128,1000.0,0.695869,2.1
bands_band_27_variant1,256,0.0,0.629511,2.0
bands_band_27_variant1,256,0.1,0.642688,2.0
bands_band_27_variant1,256,1.0,0.655627,2.0
bands_band_27_variant1,256,10.0,0.702873,2.2
bands_band_27_variant1,256,100.0,0.70133,2.0
bands_band_27_variant1,256,1000.0,0.701804,2.1
bands_band_34_variant1,16,0.0,0.606429,2.1
bands_band_34_variant1,16,0.1,0.65856,2.1
bands_band_34_variant1,16,1.0,0.654317,2.1
bands_band_34_variant1,16,10.0,0.643948,1.9
bands_band_34_variant1,16,100.0,0.630562,2.2
bands_band_34_variant1,16,1000.0,0.626697,2.1
bands_band_34_variant1,32,0.0,0.527621,2.3
bands_band_34_variant1,32,0.1,0.66497,2.2
bands_band_34_variant1,32,1.0,0.609634,2.2
bands_band_34_variant1,32,10.0,0.614348,2.0
bands_band_34_variant1,32,100.0,0.615762,2.0
bands_band_34_variant1,32,1000.0,0.615667,2.3
bands_band_34_variant1,64,0.0,0.54506,2.3
bands_band_34_variant1,64,0.1,0.668646,2.3
bands_band_34_variant1,64,1.0,0.652149,2.2
bands_band_34_variant1,64,10.0,0.632259,2.1
bands_band_34_variant1,64,100.0,0.611048,2.2
bands_band_34_variant1,64,1000.0,0.611708,2.1
bands_band_34_variant1,128,0.0,0.421286,2.3
bands_band_34_variant1,128,0.1,0.644419,2.1
bands_band_34_variant1,128,1.0,0.623115,2.1
bands_band_34_variant1,128,10.0,0.65592,2.2
bands_band_34_variant1,128,100.0,0.639612,2.1
bands_band_34_variant1,128,1000.0,0.632919,2.1
bands_band_34_variant1,256,0.0,0.617364,2.2
bands_band_34_variant1,256,0.1,0.674962,2.1
bands_band_34_variant1,256,1.0,0.638386,2.4
bands_band_34_variant1,256,10.0,0.649416,2.3
bands_band_34_variant1,256,100.0,0.633201,2.0
bands_band_34_variant1,256,1000.0,0.63339,2.0
bands_band_42_variant1,16,0.0,0.638813,2.1
bands_band_42_variant1,16,0.1,0.654228,2.1
bands_band_42_variant1,16,1.0,0.55464,2.1
bands_band_42_variant1,16,10.0,0.689026,2.4
bands_band_42_variant1,16,100.0,0.561889,2.2
bands_band_42_variant1,16,1000.0,0.563263,2.2
bands_band_42_variant1,32,0.0,0.518086,2.5
bands_band_42_variant1,32,0.1,0.660714,2.4
bands_band_42_variant1,32,1.0,0.571429,2.2
bands_band_42_variant1,32,10.0,0.634234,2.4
bands_band_42_variant1,32,100.0,0.629197,2.1
bands_band_42_variant1,32,1000.0,0.62935,2.2
bands_band_42_variant1,64,0.0,0.637897,2.3
bands_band_42_variant1,64,0.1,0.661248,2.2
bands_band_42_variant1,64,1.0,0.609432,2.3
bands_band_42_variant1,64,10.0,0.638126,2.2
bands_band_42_variant1,64,100.0,0.621413,2.1
bands_band_42_variant1,64,1000.0,0.623779,2.1
bands_band_42_variant1,128,0.0,0.542048,2.1
bands_band_42_variant1,128,0.1,0.661325,2.1
bands_band_42_variant1,128,1.0,0.603251,2.1
bands_band_42_variant1,128,10.0,0.649267,2.2
bands_band_42_variant1,128,100.0,0.512897,2.1
bands_band_42_variant1,128,1000.0,0.518086,1.9
bands_band_42_variant1,256,0.0,0.486264,2.1
bands_band_42_variant1,256,0.1,0.681624,2.0
bands_band_42_variant1,256,1.0,0.611569,2.1
bands_band_42_variant1,256,10.0,0.577076,2.2
bands_band_42_variant1,256,100.0,0.64011,2.1
bands_band_42_variant1,256,1000.0,0.633776,2.2
bands_band_6_variant1,16,0.0,0.55609,2.1
bands_band_6_variant1,16,0.1,0.660791,2.2
bands_band_6_variant1,16,1.0,0.637286,2.3
bands_band_6_variant1,16,10.0,0.797009,2.3
bands_band_6_variant1,16,100.0,0.715278,2.4
bands_band_6_variant1,16,1000.0,0.717415,2.0
bands_band_6_variant1,32,0.0,0.443376,2.0
bands_band_6_variant1,32,0.1,0.701923,2.1
bands_band_6_variant1,32,1.0,0.833868,2.1
bands_band_6_variant1,32,10.0,0.925214,2.1
bands_band_6_variant1,32,100.0,0.767628,2.1
bands_band_6_variant1,32,1000.0,0.766026,2.1
bands_band_6_variant1,64,0.0,0.65812,2.2
bands_band_6_variant1,64,0.1,0.627671,2.3
bands_band_6_variant1,64,1.0,0.652244,2.1
bands_band_6_variant1,64,10.0,0.688034,2.3
bands_band_6_variant1,64,100.0,0.742521,2.0
bands_band_6_variant1,64,1000.0,0.746795,2.4
bands_band_6_variant1,128,0.0,0.500534,2.2
bands_band_6_variant1,128,0.1,0.621795,2.1
bands_band_6_variant1,128,1.0,0.744658,2.2
bands_band_6_variant1,128,10.0,0.827991,2.1
bands_band_6_variant1,128,100.0,0.583333,2.2
bands_band_6_variant1,128,1000.0,0.569979,2.4
bands_band_6_variant1,256,0.0,0.440705,2.1
bands_band_6_variant1,256,0.1,0.665064,2.2
bands_band_6_variant1,256,1.0,0.730769,2.2
bands_band_6_variant1,256,10.0,0.694979,2.1
bands_band_6_variant1,256,100.0,0.555556,2.1
bands_band_6_variant1,256,1000.0,0.572115,2.2
breast_cancer_variant1,16,0.0,0.575563,2.0
breast_cancer_variant1,16,0.1,0.545771,2.1
breast_cancer_variant1,16,1.0,0.540503,2.2
breast_cancer_variant1,16,10.0,0.630758,2.2
breast_cancer_variant1,16,100.0,0.630817,2.0
breast_cancer_variant1,16,1000.0,0.633099,2.2
breast_cancer_variant1,32,0.0,0.512409,2.2
breast_cancer_variant1,32,0.1,0.526105,2.1
breast_cancer_variant1,32,1.0,0.496898,2.1
breast_cancer_variant1,32,10.0,0.60957,2.2
breast_cancer_variant1,32,100.0,0.616711,2.1
breast_cancer_variant1,32,1000.0,0.616594,2.0
breast_cancer_variant1,64,0.0,0.509599,2.1
breast_cancer_variant1,64,0.1,0.522886,2.2
breast_cancer_variant1,64,1.0,0.511004,2.1
breast_cancer_variant1,64,10.0,0.647732,2.1
breast_cancer_variant1,64,100.0,0.638543,2.1
breast_cancer_variant1,64,1000.0,0.643401,2.0
breast_cancer_variant1,128,0.0,0.532602,2.1
breast_cancer_variant1,128,0.1,0.50679,2.2
breast_cancer_variant1,128,1.0,0.550454,2.2
breast_cancer_variant1,128,10.0,0.66535,2.1
breast_cancer_variant1,128,100.0,0.660199,2.1
breast_cancer_variant1,128,1000.0,0.658267,2.1
breast_cancer_variant1,256,0.0,0.535762,2.1
breast_cancer_variant1,256,0.1,0.528095,2.0
breast_cancer_variant1,256,1.0,0.541615,2.0
breast_cancer_variant1,256,10.0,0.653175,1.9
breast_cancer_variant1,256,100.0,0.644103,2.0
breast_cancer_variant1,256,1000.0,0.641879,2.2
cardio,16,0.0,0.817986,8.2
cardio,16,0.1,0.904727,8.7
cardio,16,1.0,0.75127,8.3
cardio,16,10.0,0.808933,8.1
cardio,16,100.0,0.869538,8.5
cardio,16,1000.0,0.856962,8.2
cardio,32,0.0,0.868704,8.2
cardio,32,0.1,0.856592,9.1
cardio,32,1.0,0.745043,8.3
cardio,32,10.0,0.815198,8.7
cardio,32,100.0,0.766695,8.2
cardio,32,1000.0,0.762212,8.5
cardio,64,0.0,0.841403,8.0
cardio,64,0.1,0.821278,9.0
cardio,64,1.0,0.741297,8.8
cardio,64,10.0,0.814488,8.5
cardio,64,100.0,0.739086,8.6
cardio,64,1000.0,0.738767,8.5
cardio,128,0.0,0.834894,8.6
cardio,128,0.1,0.864299,9.5
cardio,128,1.0,0.742262,8.9
cardio,128,10.0,0.81744,8.8
cardio,128,100.0,0.736388,9.0
cardio,128,1000.0,0.706588,8.6
cardio,256,0.0,0.848191,9.2
cardio,256,0.1,0.852657,9.2
cardio,256,1.0,0.751957,8.4
cardio,256,10.0,0.828485,8.9
cardio,256,100.0,0.821073,9.1
cardio,256,1000.0,0.782852,8.8
cardiotocography_2and3_33_variant1,16,0.0,0.795075,8.3
cardiotocography_2and3_33_variant1,16,0.1,0.806994,8.9
cardiotocography_2and3_33_variant1,16,1.0,0.837481,8.3
cardiotocography_2and3_33_variant1,16,10.0,0.829955,8.4
cardiotocography_2and3_33_variant1,16,100.0,0.854857,8.6
cardiotocography_2and3_33_variant1,16,1000.0,0.835064,8.4
cardiotocography_2and3_33_variant1,32,0.0,0.802563,8.5
cardiotocography_2and3_33_variant1,32,0.1,0.816168,8.8
cardiotocography_2and3_33_variant1,32,1.0,0.846965,8.2
cardiotocography_2and3_33_variant1,32,10.0,0.836162,8.5
cardiotocography_2and3_33_variant1,32,100.0,0.858171,8.1
cardiotocography_2and3_33_variant1,32,1000.0,0.843633,8.3
cardiotocography_2and3_33_variant1,64,0.0,0.802362,8.3
cardiotocography_2and3_33_variant1,64,0.1,0.838762,8.5
cardiotocography_2and3_33_variant1,64,1.0,0.822997,8.2
cardiotocography_2and3_33_variant1,64,10.0,0.834588,7.9
cardiotocography_2and3_33_variant1,64,100.0,0.784363,8.4
cardiotocography_2and3_33_variant1,64,1000.0,0.777113,8.6
cardiotocography_2and3_33_variant1,128,0.0,0.829296,8.5
cardiotocography_2and3_33_variant1,128,0.1,0.818017,8.6
cardiotocography_2and3_33_variant1,128,1.0,0.839897,8.2
cardiotocography_2and3_33_variant1,128,10.0,0.844969,8.3
cardiotocography_2and3_33_variant1,128,100.0,0.761219,8.5
cardiotocography_2and3_33_variant1,128,1000.0,0.698215,8.3
cardiotocography_2and3_33_variant1,256,0.0,0.803534,8.9
cardiotocography_2and3_33_variant1,256,0.1,0.830138,9.0
cardiotocography_2and3_33_variant1,256,1.0,0.838524,8.9
cardiotocography_2and3_33_variant1,256,10.0,0.839366,8.8
cardiotocography_2and3_33_variant1,256,100.0,0.76089,8.8
cardiotocography_2and3_33_variant1,256,1000.0,0.668498,8.9
chess_nowin_145_variant1,16,0.0,0.585021,8.1
chess_nowin_145_variant1,16,0.1,0.541167,8.8
chess_nowin_145_variant1,16,1.0,0.585711,9.1
chess_nowin_145_variant1,16,10.0,0.788761,9.0
chess_nowin_145_variant1,16,100.0,0.68099,9.3
chess_nowin_145_variant1,16,1000.0,0.612756,9.3
chess_nowin_145_variant1,32,0.0,0.496176,9.3
chess_nowin_145_variant1,32,0.1,0.625983,8.2
chess_nowin_145_variant1,32,1.0,0.599888,8.3
chess_nowin_145_variant1,32,10.0,0.760278,8.7
chess_nowin_145_variant1,32,100.0,0.685085,8.5
chess_nowin_145_variant1,32,1000.0,0.683411,8.7
chess_nowin_145_variant1,64,0.0,0.521229,8.8
chess_nowin_145_variant1,64,0.1,0.609471,8.7
chess_nowin_145_variant1,64,1.0,0.593992,8.3
chess_nowin_145_variant1,64,10.0,0.751179,8.2
chess_nowin_145_variant1,64,100.0,0.692783,8.3
chess_nowin_145_variant1,64,1000.0,0.681845,8.4
chess_nowin_145_variant1,128,0.0,0.503618,8.7
chess_nowin_145_variant1,128,0.1,0.632818,8.7
chess_nowin_145_variant1,128,1.0,0.584661,8.3
chess_nowin_145_variant1,128,10.0,0.787533,8.4
chess_nowin_145_variant1,128,100.0,0.713229,8.2
chess_nowin_145_variant1,128,1000.0,0.689581,8.4
chess_nowin_145_variant1,256,0.0,0.510031,9.1
chess_nowin_145_variant1,256,0.1,0.647214,8.8
chess_nowin_145_variant1,256,1.0,0.601219,8.5
chess_nowin_145_variant1,256,10.0,0.768868,8.5
chess_nowin_145_variant1,256,100.0,0.746299,8.2
chess_nowin_145_variant1,256,1000.0,0.726254,8.1
chess_nowin_16_variant1,16,0.0,0.740975,8.6
chess_nowin_16_variant1,16,0.1,0.583995,8.1
chess_nowin_16_variant1,16,1.0,0.817293,8.5
chess_nowin_16_variant1,16,10.0,0.902973,8.2
chess_nowin_16_variant1,16,100.0,0.904958,8.2
chess_nowin_16_variant1,16,1000.0,0.875262,8.3
chess_nowin_16_variant1,32,0.0,0.666979,8.2
chess_nowin_16_variant1,32,0.1,0.496705,8.8
chess_nowin_16_variant1,32,1.0,0.800105,8.5
chess_nowin_16_variant1,32,10.0,0.922783,8.8
chess_nowin_16_variant1,32,100.0,0.927127,8.4
chess_nowin_16_variant1,32,1000.0,0.916754,8.3
chess_nowin_16_variant1,64,0.0,0.541567,8.6
chess_nowin_16_variant1,64,0.1,0.622266,8.5
chess_nowin_16_variant1,64,1.0,0.835493,9.0
chess_nowin_16_variant1,64,10.0,0.939934,8.6
chess_nowin_16_variant1,64,100.0,0.933456,9.1
chess_nowin_16_variant1,64,1000.0,0.934317,8.5
chess_nowin_16_variant1,128,0.0,0.457684,8.5
chess_nowin_16_variant1,128,0.1,0.638781,8.2
chess_nowin_16_variant1,128,1.0,0.85388,8.1
chess_nowin_16_variant1,128,10.0,0.943454,8.9
chess_nowin_16_variant1,128,100.0,0.939934,8.7
chess_nowin_16_variant1,128,1000.0,0.938511,8.5
chess_nowin_16_variant1,256,0.0,0.563137,8.9
chess_nowin_16_variant1,256,0.1,0.67297,8.7
chess_nowin_16_variant1,256,1.0,0.859272,8.7
chess_nowin_16_variant1,256,10.0,0.935216,8.6
chess_nowin_16_variant1,256,100.0,0.931658,8.4
chess_nowin_16_variant1,256,1000.0,0.929299,8.6
chess_nowin_185_variant1,16,0.0,0.6122,8.5
chess_nowin_185_variant1,16,0.1,0.541982,8.2
chess_nowin_185_variant1,16,1.0,0.594371,8.4
chess_nowin_185_variant1,16,10.0,0.738992,8.2
chess_nowin_185_variant1,16,100.0,0.616582,8.6
chess_nowin_185_variant1,16,1000.0,0.562279,8.4
chess_nowin_185_variant1,32,0.0,0.551882,8.3
chess_nowin_185_variant1,32,0.1,0.617104,8.3
chess_nowin_185_variant1,32,1.0,0.603601,8.5
chess_nowin_185_variant1,32,10.0,0.713031,8.2
chess_nowin_185_variant1,32,100.0,0.619484,8.2
chess_nowin_185_variant1,32,1000.0,0.6203,8.3
chess_nowin_185_variant1,64,0.0,0.533995,8.4
chess_nowin_185_variant1,64,0.1,0.612288,8.0
chess_nowin_185_variant1,64,1.0,0.59634,8.6
chess_nowin_185_variant1,64,10.0,0.743663,8.3
chess_nowin_185_variant1,64,100.0,0.645403,8.5
chess_nowin_185_variant1,64,1000.0,0.61996,8.7
chess_nowin_185_variant1,128,0.0,0.506427,9.0
chess_nowin_185_variant1,128,0.1,0.622457,8.3
chess_nowin_185_variant1,128,1.0,0.586433,8.9
chess_nowin_185_variant1,128,10.0,0.85557,8.6
chess_nowin_185_variant1,128,100.0,0.668136,8.8
chess_nowin_185_variant1,128,1000.0,0.670507,8.7
chess_nowin_185_variant1,256,0.0,0.488699,9.4
chess_nowin_185_variant1,256,0.1,0.636374,9.1
chess_nowin_185_variant1,256,1.0,0.604016,9.6
chess_nowin_185_variant1,256,10.0,0.708775,9.1
chess_nowin_185_variant1,256,100.0,0.687193,9.2
chess_nowin_185_variant1,256,1000.0,0.668061,8.7
chess_nowin_227_variant1,16,0.0,0.682838,8.2
chess_nowin_227_variant1,16,0.1,0.608278,7.9
chess_nowin_227_variant1,16,1.0,0.555499,8.4
chess_nowin_227_variant1,16,10.0,0.58589,8.6
chess_nowin_227_variant1,16,100.0,0.550107,8.5
chess_nowin_227_variant1,16,1000.0,0.598092,8.9
chess_nowin_227_variant1,32,0.0,0.469251,8.9
chess_nowin_227_variant1,32,0.1,0.566978,8.5
chess_nowin_227_variant1,32,1.0,0.545677,8.5
chess_nowin_227_variant1,32,10.0,0.728775,8.6
chess_nowin_227_variant1,32,100.0,0.692525,9.0
chess_nowin_227_variant1,32,1000.0,0.56555,8.3
chess_nowin_227_variant1,64,0.0,0.436443,8.4
chess_nowin_227_variant1,64,0.1,0.59465,8.4
chess_nowin_227_variant1,64,1.0,0.576206,7.8
chess_nowin_227_variant1,64,10.0,0.700625,7.9
chess_nowin_227_variant1,64,100.0,0.656023,8.2
chess_nowin_227_variant1,64,1000.0,0.625749,8.4
chess_nowin_227_variant1,128,0.0,0.49926,8.6
chess_nowin_227_variant1,128,0.1,0.611263,8.1
chess_nowin_227_variant1,128,1.0,0.576261,8.7
chess_nowin_227_variant1,128,10.0,0.709167,8.4
chess_nowin_227_variant1,128,100.0,0.684596,8.6
chess_nowin_227_variant1,128,1000.0,0.666209,8.4
chess_nowin_227_variant1,256,0.0,0.51815,9.0
chess_nowin_227_variant1,256,0.1,0.619548,8.8
chess_nowin_227_variant1,256,1.0,0.562554,8.5
chess_nowin_227_variant1,256,10.0,0.726537,8.8
chess_nowin_227_variant1,256,100.0,0.717056,8.8
chess_nowin_227_variant1,256,1000.0,0.708591,8.9
chess_nowin_34_variant1,16,0.0,0.638036,8.4
chess_nowin_34_variant1,16,0.1,0.560692,8.2
chess_nowin_34_variant1,16,1.0,0.766503,8.7
chess_nowin_34_variant1,16,10.0,0.910725,8.6
chess_nowin_34_variant1,16,100.0,0.90491,8.9
chess_nowin_34_variant1,16,1000.0,0.878353,8.5
chess_nowin_34_variant1,32,0.0,0.645279,8.7
chess_nowin_34_variant1,32,0.1,0.632573,8.6
chess_nowin_34_variant1,32,1.0,0.740651,8.5
chess_nowin_34_variant1,32,10.0,0.92447,9.3
chess_nowin_34_variant1,32,100.0,0.877842,8.9
chess_nowin_34_variant1,32,1000.0,0.865612,8.5
chess_nowin_34_variant1,64,0.0,0.438586,8.4
chess_nowin_34_variant1,64,0.1,0.607585,7.9
chess_nowin_34_variant1,64,1.0,0.777218,8.3
chess_nowin_34_variant1,64,10.0,0.891622,8.5
chess_nowin_34_variant1,64,100.0,0.883005,8.9
chess_nowin_34_variant1,64,1000.0,0.869559,8.8
chess_nowin_34_variant1,128,0.0,0.510573,9.0
chess_nowin_34_variant1,128,0.1,0.686075,8.6
chess_nowin_34_variant1,128,1.0,0.762873,8.9
chess_nowin_34_variant1,128,10.0,0.881401,8.4
chess_nowin_34_variant1,128,100.0,0.84124,7.9
chess_nowin_34_variant1,128,1000.0,0.817185,8.2
chess_nowin_34_variant1,256,0.0,0.473267,9.0
chess_nowin_34_variant1,256,0.1,0.656716,8.8
chess_nowin_34_variant1,256,1.0,0.730148,8.8
chess_nowin_34_variant1,256,10.0,0.865048,8.4
chess_nowin_34_variant1,256,100.0,0.854968,8.4
chess_nowin_34_variant1,256,1000.0,0.835301,8.3
chess_nowin_87_variant1,16,0.0,0.634457,8.4
chess_nowin_87_variant1,16,0.1,0.627384,8.2
chess_nowin_87_variant1,16,1.0,0.637012,8.6
chess_nowin_87_variant1,16,10.0,0.765721,8.1
chess_nowin_87_variant1,16,100.0,0.767271,8.3
chess_nowin_87_variant1,16,1000.0,0.789522,8.4
chess_nowin_87_variant1,32,0.0,0.537158,9.0
chess_nowin_87_variant1,32,0.1,0.669249,8.5
chess_nowin_87_variant1,32,1.0,0.653967,8.7
chess_nowin_87_variant1,32,10.0,0.809054,8.2
chess_nowin_87_variant1,32,100.0,0.775012,8.2
chess_nowin_87_variant1,32,1000.0,0.743862,8.5
chess_nowin_87_variant1,64,0.0,0.44641,8.5
chess_nowin_87_variant1,64,0.1,0.627721,8.3
chess_nowin_87_variant1,64,1.0,0.687541,8.4
chess_nowin_87_variant1,64,10.0,0.831973,8.6
chess_nowin_87_variant1,64,100.0,0.790659,8.3
chess_nowin_87_variant1,64,1000.0,0.76192,8.7
chess_nowin_87_variant1,128,0.0,0.499652,8.9
chess_nowin_87_variant1,128,0.1,0.650551,8.4
chess_nowin_87_variant1,128,1.0,0.680454,9.1
chess_nowin_87_variant1,128,10.0,0.788606,8.8
chess_nowin_87_variant1,128,100.0,0.784681,8.7
chess_nowin_87_variant1,128,1000.0,0.802649,9.0
chess_nowin_87_variant1,256,0.0,0.45079,8.8
chess_nowin_87_variant1,256,0.1,0.671074,9.0
chess_nowin_87_variant1,256,1.0,0.683071,8.6
chess_nowin_87_variant1,256,10.0,0.822373,9.2
chess_nowin_87_variant1,256,100.0,0.784419,8.8
chess_nowin_87_variant1,256,1000.0,0.751748,8.8
creditA_plus_42_variant1,16,0.0,0.657839,2.2
creditA_plus_42_variant1,16,0.1,0.798769,2.1
creditA_plus_42_variant1,16,1.0,0.660326,2.2
creditA_plus_42_variant1,16,10.0,0.810581,2.3
creditA_plus_42_variant1,16,100.0,0.781052,2.1
creditA_plus_42_variant1,16,1000.0,0.780368,2.1
creditA_plus_42_variant1,32,0.0,0.595425,2.3
creditA_plus_42_variant1,32,0.1,0.679784,2.2
creditA_plus_42_variant1,32,1.0,0.705645,2.2
creditA_plus_42_variant1,32,10.0,0.815678,2.2
creditA_plus_42_variant1,32,100.0,0.807037,2.1
creditA_plus_42_variant1,32,1000.0,0.807286,2.1
creditA_plus_42_variant1,64,0.0,0.546562,2.1
creditA_plus_42_variant1,64,0.1,0.686622,2.1
creditA_plus_42_variant1,64,1.0,0.718886,2.1
creditA_plus_42_variant1,64,10.0,0.751896,2.3
creditA_plus_42_variant1,64,100.0,0.760724,2.2
creditA_plus_42_variant1,64,1000.0,0.762589,2.1
creditA_plus_42_variant1,128,0.0,0.605122,2.2
creditA_plus_42_variant1,128,0.1,0.676489,2.1
creditA_plus_42_variant1,128,1.0,0.696071,2.2
creditA_plus_42_variant1,128,10.0,0.786895,2.1
creditA_plus_42_variant1,128,100.0,0.778379,2.2
creditA_plus_42_variant1,128,1000.0,0.7767,2.1
creditA_plus_42_variant1,256,0.0,0.574413,2.1
creditA_plus_42_variant1,256,0.1,0.712483,2.0
creditA_plus_42_variant1,256,1.0,0.662377,2.1
creditA_plus_42_variant1,256,10.0,0.776452,2.0
creditA_plus_42_variant1,256,100.0,0.786336,2.2
creditA_plus_42_variant1,256,1000.0,0.786958,2.2
diabetes_tested_positive_26_variant1,16,0.0,0.625769,4.3
diabetes_tested_positive_26_variant1,16,0.1,0.617154,4.3
diabetes_tested_positive_26_variant1,16,1.0,0.655,4.2
diabetes_tested_positive_26_variant1,16,10.0,0.797,4.2
diabetes_tested_positive_26_variant1,16,100.0,0.806615,4.1
diabetes_tested_positive_26_variant1,16,1000.0,0.868692,4.2
diabetes_tested_positive_26_variant1,32,0.0,0.598462,4.0
diabetes_tested_positive_26_variant1,32,0.1,0.597462,4.2
diabetes_tested_positive_26_variant1,32,1.0,0.629692,3.9
diabetes_tested_positive_26_variant1,32,10.0,0.727846,4.4
diabetes_tested_positive_26_variant1,32,100.0,0.787692,4.2
diabetes_tested_positive_26_variant1,32,1000.0,0.796923,4.1
diabetes_tested_positive_26_variant1,64,0.0,0.598308,4.0
diabetes_tested_positive_26_variant1,64,0.1,0.583538,4.0
diabetes_tested_positive_26_variant1,64,1.0,0.62,4.1
diabetes_tested_positive_26_variant1,64,10.0,0.721385,4.2
diabetes_tested_positive_26_variant1,64,100.0,0.836615,3.7
diabetes_tested_positive_26_variant1,64,1000.0,0.823462,4.1
diabetes_tested_positive_26_variant1,128,0.0,0.605462,4.1
diabetes_tested_positive_26_variant1,128,0.1,0.598692,4.0
diabetes_tested_positive_26_variant1,128,1.0,0.626,4.0
diabetes_tested_positive_26_variant1,128,10.0,0.702231,4.0
diabetes_tested_positive_26_variant1,128,100.0,0.729769,4.1
diabetes_tested_positive_26_variant1,128,1000.0,0.773154,4.4
diabetes_tested_positive_26_variant1,256,0.0,0.636615,4.3
diabetes_tested_positive_26_variant1,256,0.1,0.593385,4.0
diabetes_tested_positive_26_variant1,256,1.0,0.621769,4.0
diabetes_tested_positive_26_variant1,256,10.0,0.690615,4.2
diabetes_tested_positive_26_variant1,256,100.0,0.824692,4.1
diabetes_tested_positive_26_variant1,256,1000.0,0.794385,4.4
ecoli,16,0.0,0.884132,1.9
ecoli,16,0.1,0.872239,2.0
ecoli,16,1.0,0.866463,2.0
ecoli,16,10.0,0.860347,2.2
ecoli,16,100.0,0.8702,2.0
ecoli,16,1000.0,0.875977,2.2
ecoli,32,0.0,0.865443,2.2
ecoli,32,0.1,0.876996,2.3
ecoli,32,1.0,0.857628,2.3
ecoli,32,10.0,0.787632,2.2
ecoli,32,100.0,0.739721,2.0
ecoli,32,1000.0,0.708801,2.1
ecoli,64,0.0,0.889229,2.0
ecoli,64,0.1,0.894326,2.2
ecoli,64,1.0,0.861366,2.3
ecoli,64,10.0,0.860007,2.4
ecoli,64,100.0,0.770982,2.1
ecoli,64,1000.0,0.754332,2.1
ecoli,128,0.0,0.866463,2.1
ecoli,128,0.1,0.888889,2.1
ecoli,128,1.0,0.874278,2.2
ecoli,128,10.0,0.842338,2.2
ecoli,128,100.0,0.804961,2.3
ecoli,128,1000.0,0.766905,2.3
ecoli,256,0.0,0.867822,2.1
ecoli,256,0.1,0.888209,2.2
ecoli,256,1.0,0.83928,2.0
ecoli,256,10.0,0.712198,2.1
ecoli,256,100.0,0.762487,2.2
ecoli,256,1000.0,0.706082,2.3
german_1_14_variant1,16,0.0,0.610306,4.3
german_1_14_variant1,16,0.1,0.492449,4.4
german_1_14_variant1,16,1.0,0.577041,4.1
german_1_14_variant1,16,10.0,0.85602,4.4
german_1_14_variant1,16,100.0,0.825612,4.4
german_1_14_variant1,16,1000.0,0.820102,4.5
german_1_14_variant1,32,0.0,0.569694,4.6
german_1_14_variant1,32,0.1,0.468776,4.5
german_1_14_variant1,32,1.0,0.603469,4.9
german_1_14_variant1,32,10.0,0.865306,4.6
german_1_14_variant1,32,100.0,0.83102,4.4
german_1_14_variant1,32,1000.0,0.833878,4.6
german_1_14_variant1,64,0.0,0.522347,4.5
german_1_14_variant1,64,0.1,0.561429,4.2
german_1_14_variant1,64,1.0,0.708878,4.1
german_1_14_variant1,64,10.0,0.872653,3.9
german_1_14_variant1,64,100.0,0.866735,4.3
german_1_14_variant1,64,1000.0,0.866633,4.1
german_1_14_variant1,128,0.0,0.709388,4.2
german_1_14_variant1,128,0.1,0.559592,4.2
german_1_14_variant1,128,1.0,0.694388,4.4
german_1_14_variant1,128,10.0,0.870306,4.4
german_1_14_variant1,128,100.0,0.802347,4.3
german_1_14_variant1,128,1000.0,0.803469,4.4
german_1_14_variant1,256,0.0,0.618163,5.0
german_1_14_variant1,256,0.1,0.578571,4.3
german_1_14_variant1,256,1.0,0.734898,4.2
german_1_14_variant1,256,10.0,0.870408,4.3
german_1_14_variant1,256,100.0,0.858367,4.4
german_1_14_variant1,256,1000.0,0.858571,4.3
glass,16,0.0,0.315447,2.2
glass,16,0.1,0.22981,2.4
glass,16,1.0,0.252033,1.9
glass,16,10.0,0.477507,1.8
glass,16,100.0,0.398374,1.4
glass,16,1000.0,0.397832,1.4
glass,32,0.0,0.507317,1.5
glass,32,0.1,0.471545,1.4
glass,32,1.0,0.395664,1.4
glass,32,10.0,0.579404,1.4
glass,32,100.0,0.814092,1.9
glass,32,1000.0,0.81084,2.2
glass,64,0.0,0.537669,1.9
glass,64,0.1,0.491057,2.1
glass,64,1.0,0.585366,2.0
glass,64,10.0,0.618428,2.1
glass,64,100.0,0.575068,1.9
glass,64,1000.0,0.61355,1.6
glass,128,0.0,0.463957,1.4
glass,128,0.1,0.280759,1.6
glass,128,1.0,0.331165,1.5
glass,128,10.0,0.487805,1.5
glass,128,100.0,0.465041,1.6
glass,128,1000.0,0.456911,1.9
glass,256,0.0,0.493767,1.7
glass,256,0.1,0.326287,1.8
glass,256,1.0,0.23252,2.2
glass,256,10.0,0.475339,2.3
glass,256,100.0,0.417344,1.9
glass,256,1000.0,0.417344,1.6
heart270_2_16_variant1,16,0.0,0.873333,2.1
heart270_2_16_variant1,16,0.1,0.564167,2.1
heart270_2_16_variant1,16,1.0,0.777917,2.1
heart270_2_16_variant1,16,10.0,0.672083,2.0
heart270_2_16_variant1,16,100.0,0.689583,2.1
heart270_2_16_variant1,16,1000.0,0.6675,2.2
heart270_2_16_variant1,32,0.0,0.747083,2.1
heart270_2_16_variant1,32,0.1,0.634583,2.0
heart270_2_16_variant1,32,1.0,0.71125,2.1
heart270_2_16_variant1,32,10.0,0.752083,2.1
heart270_2_16_variant1,32,100.0,0.729583,2.2
heart270_2_16_variant1,32,1000.0,0.73625,2.2
heart270_2_16_variant1,64,0.0,0.866667,1.9
heart270_2_16_variant1,64,0.1,0.677917,2.0
heart270_2_16_variant1,64,1.0,0.769167,2.0
heart270_2_16_variant1,64,10.0,0.798333,2.0
heart270_2_16_variant1,64,100.0,0.790417,2.0
heart270_2_16_variant1,64,1000.0,0.75,2.1
heart270_2_16_variant1,128,0.0,0.93625,2.0
heart270_2_16_variant1,128,0.1,0.67875,2.2
heart270_2_16_variant1,128,1.0,0.770833,2.2
heart270_2_16_variant1,128,10.0,0.795417,2.0
heart270_2_16_variant1,128,100.0,0.794167,2.2
heart270_2_16_variant1,128,1000.0,0.794167,2.0
heart270_2_16_variant1,256,0.0,0.847083,2.0
heart270_2_16_variant1,256,0.1,0.69,2.1
heart270_2_16_variant1,256,1.0,0.75375,2.2
heart270_2_16_variant1,256,10.0,0.8075,2.2
heart270_2_16_variant1,256,100.0,0.789583,2.3
heart270_2_16_variant1,256,1000.0,0.7875,2.2
hepatitis_2_9_variant1,16,0.0,0.849673,2.0
hepatitis_2_9_variant1,16,0.1,0.704575,2.0
hepatitis_2_9_variant1,16,1.0,0.67451,2.1
hepatitis_2_9_variant1,16,10.0,0.848366,2.1
hepatitis_2_9_variant1,16,100.0,0.845752,2.1
hepatitis_2_9_variant1,16,1000.0,0.816993,2.1
hepatitis_2_9_variant1,32,0.0,0.585621,2.2
hepatitis_2_9_variant1,32,0.1,0.728105,1.9
hepatitis_2_9_variant1,32,1.0,0.843137,2.3
hepatitis_2_9_variant1,32,10.0,0.85098,2.2
hepatitis_2_9_variant1,32,100.0,0.866667,2.0
hepatitis_2_9_variant1,32,1000.0,0.867974,2.2
hepatitis_2_9_variant1,64,0.0,0.667974,2.0
hepatitis_2_9_variant1,64,0.1,0.705882,2.1
hepatitis_2_9_variant1,64,1.0,0.792157,2.2
hepatitis_2_9_variant1,64,10.0,0.884967,2.4
hepatitis_2_9_variant1,64,100.0,0.554248,2.2
hepatitis_2_9_variant1,64,1000.0,0.566013,2.2
hepatitis_2_9_variant1,128,0.0,0.546405,2.0
hepatitis_2_9_variant1,128,0.1,0.708497,2.3
hepatitis_2_9_variant1,128,1.0,0.773856,2.2
hepatitis_2_9_variant1,128,10.0,0.904575,2.2
hepatitis_2_9_variant1,128,100.0,0.913725,2.2
hepatitis_2_9_variant1,128,1000.0,0.915033,2.1
hepatitis_2_9_variant1,256,0.0,0.635294,2.0
hepatitis_2_9_variant1,256,0.1,0.718954,2.1
hepatitis_2_9_variant1,256,1.0,0.777778,2.3
hepatitis_2_9_variant1,256,10.0,0.934641,2.1
hepatitis_2_9_variant1,256,100.0,0.901961,2.2
hepatitis_2_9_variant1,256,1000.0,0.900654,2.3
horse_1_12_variant1,16,0.0,0.678962,2.1
horse_1_12_variant1,16,0.1,0.619194,2.1
horse_1_12_variant1,16,1.0,0.641735,2.0
horse_1_12_variant1,16,10.0,0.663593,2.2
horse_1_12_variant1,16,100.0,0.675205,2.1
horse_1_12_variant1,16,1000.0,0.67418,2.2
horse_1_12_variant1,32,0.0,0.615096,2.1
horse_1_12_variant1,32,0.1,0.541325,2.1
horse_1_12_variant1,32,1.0,0.719945,2.1
horse_1_12_variant1,32,10.0,0.713456,2.2
horse_1_12_variant1,32,100.0,0.708675,2.3
horse_1_12_variant1,32,1000.0,0.714139,2.4
horse_1_12_variant1,64,0.0,0.643101,2.3
horse_1_12_variant1,64,0.1,0.564208,2.2
horse_1_12_variant1,64,1.0,0.70321,2.2
horse_1_12_variant1,64,10.0,0.710724,2.1
horse_1_12_variant1,64,100.0,0.683743,2.0
horse_1_12_variant1,64,1000.0,0.669057,2.2
horse_1_12_variant1,128,0.0,0.566598,2.2
horse_1_12_variant1,128,0.1,0.51332,2.1
horse_1_12_variant1,128,1.0,0.666667,2.4
horse_1_12_variant1,128,10.0,0.705601,2.1
horse_1_12_variant1,128,100.0,0.69638,2.2
horse_1_12_variant1,128,1000.0,0.695697,2.1
horse_1_12_variant1,256,0.0,0.615096,2.3
horse_1_12_variant1,256,0.1,0.505123,2.2
horse_1_12_variant1,256,1.0,0.684085,2.2
horse_1_12_variant1,256,10.0,0.71653,2.3
horse_1_12_variant1,256,100.0,0.744194,2.3
horse_1_12_variant1,256,1000.0,0.730533,2.2
ionosphere_b_24_variant1,16,0.0,0.664444,2.2
ionosphere_b_24_variant1,16,0.1,0.813704,2.3
ionosphere_b_24_variant1,16,1.0,0.835,2.5
ionosphere_b_24_variant1,16,10.0,0.982963,2.5
ionosphere_b_24_variant1,16,100.0,0.992778,2.2
ionosphere_b_24_variant1,16,1000.0,0.992593,2.4
ionosphere_b_24_variant1,32,0.0,0.671852,2.4
ionosphere_b_24_variant1,32,0.1,0.857222,2.4
ionosphere_b_24_variant1,32,1.0,0.831667,2.3
ionosphere_b_24_variant1,32,10.0,0.988889,2.6
ionosphere_b_24_variant1,32,100.0,0.993333,2.5
ionosphere_b_24_variant1,32,1000.0,0.993333,2.1
ionosphere_b_24_variant1,64,0.0,0.657222,2.1
ionosphere_b_24_variant1,64,0.1,0.834815,2.5
ionosphere_b_24_variant1,64,1.0,0.836852,2.0
ionosphere_b_24_variant1,64,10.0,0.989259,2.0
ionosphere_b_24_variant1,64,100.0,0.993889,1.9
ionosphere_b_24_variant1,64,1000.0,0.993889,2.2
ionosphere_b_24_variant1,128,0.0,0.629444,1.9
ionosphere_b_24_variant1,128,0.1,0.81963,2.3
ionosphere_b_24_variant1,128,1.0,0.839074,2.1
ionosphere_b_24_variant1,128,10.0,0.990185,2.2
ionosphere_b_24_variant1,128,100.0,0.993889,2.2
ionosphere_b_24_variant1,128,1000.0,0.993889,2.1
ionosphere_b_24_variant1,256,0.0,0.64037,2.0
ionosphere_b_24_variant1,256,0.1,0.829444,2.0
ionosphere_b_24_variant1,256,1.0,0.835556,2.0
ionosphere_b_24_variant1,256,10.0,0.99,2.3
ionosphere_b_24_variant1,256,100.0,0.994259,2.1
ionosphere_b_24_variant1,256,1000.0,0.994259,2.2
iris_Irisvirginica_11_variant1,16,0.0,0.437273,1.9
iris_Irisvirginica_11_variant1,16,0.1,0.471818,2.0
iris_Irisvirginica_11_variant1,16,1.0,0.580909,1.9
iris_Irisvirginica_11_variant1,16,10.0,0.79,1.7
iris_Irisvirginica_11_variant1,16,100.0,0.640909,1.8
iris_Irisvirginica_11_variant1,16,1000.0,0.643636,1.7
iris_Irisvirginica_11_variant1,32,0.0,0.522727,1.4
iris_Irisvirginica_11_variant1,32,0.1,0.517273,1.5
iris_Irisvirginica_11_variant1,32,1.0,0.595455,1.6
iris_Irisvirginica_11_variant1,32,10.0,0.789091,1.7
iris_Irisvirginica_11_variant1,32,100.0,0.64,1.6
iris_Irisvirginica_11_variant1,32,1000.0,0.637273,1.8
iris_Irisvirginica_11_variant1,64,0.0,0.470909,1.8
iris_Irisvirginica_11_variant1,64,0.1,0.529091,2.0
iris_Irisvirginica_11_variant1,64,1.0,0.594545,2.0
iris_Irisvirginica_11_variant1,64,10.0,0.797273,1.8
iris_Irisvirginica_11_variant1,64,100.0,0.643636,1.7
iris_Irisvirginica_11_variant1,64,1000.0,0.644545,1.7
iris_Irisvirginica_11_variant1,128,0.0,0.476364,1.9
iris_Irisvirginica_11_variant1,128,0.1,0.547273,1.8
iris_Irisvirginica_11_variant1,128,1.0,0.603636,1.9
iris_Irisvirginica_11_variant1,128,10.0,0.799091,1.7
iris_Irisvirginica_11_variant1,128,100.0,0.643636,1.8
iris_Irisvirginica_11_variant1,128,1000.0,0.64,1.8
iris_Irisvirginica_11_variant1,256,0.0,0.507273,1.7
iris_Irisvirginica_11_variant1,256,0.1,0.57,1.7
iris_Irisvirginica_11_variant1,256,1.0,0.600909,1.7
iris_Irisvirginica_11_variant1,256,10.0,0.794545,1.4
iris_Irisvirginica_11_variant1,256,100.0,0.644545,1.4
iris_Irisvirginica_11_variant1,256,1000.0,0.645455,1.6
letter,16,0.0,0.324693,8.3
letter,16,0.1,0.323633,8.7
letter,16,1.0,0.526873,8.4
letter,16,10.0,0.345113,8.2
letter,16,100.0,0.463647,8.4
letter,16,1000.0,0.460653,8.3
letter,32,0.0,0.339893,8.8
letter,32,0.1,0.34768,8.7
letter,32,1.0,0.528393,8.4
letter,32,10.0,0.361827,8.2
letter,32,100.0,0.746813,8.4
letter,32,1000.0,0.756573,8.5
letter,64,0.0,0.337047,8.1
letter,64,0.1,0.296893,8.6
letter,64,1.0,0.52018,8.3
letter,64,10.0,0.39638,8.5
letter,64,100.0,0.781973,8.2
letter,64,1000.0,0.776567,8.5
letter,128,0.0,0.317833,8.5
letter,128,0.1,0.326367,8.9
letter,128,1.0,0.528933,8.5
letter,128,10.0,0.382627,8.3
letter,128,100.0,0.76054,8.3
letter,128,1000.0,0.765867,8.6
letter,256,0.0,0.314213,9.1
letter,256,0.1,0.311273,9.4
letter,256,1.0,0.5372,9.0
letter,256,10.0,0.388673,8.6
letter,256,100.0,0.767627,8.9
letter,256,1000.0,0.7685,9.0
lymphography,16,0.0,0.779343,2.2
lymphography,16,0.1,0.793427,2.5
lymphography,16,1.0,0.893192,2.4
lymphography,16,10.0,0.760563,2.4
lymphography,16,100.0,0.767606,2.3
lymphography,16,1000.0,0.726526,2.4
lymphography,32,0.0,0.657277,2.3
lymphography,32,0.1,0.93662,2.6
lymphography,32,1.0,0.919014,2.2
lymphography,32,10.0,0.766432,2.4
lymphography,32,100.0,0.769953,2.3
lymphography,32,1000.0,0.769953,2.3
lymphography,64,0.0,0.624413,2.1
lymphography,64,0.1,0.847418,2.4
lymphography,64,1.0,0.9777,2.5
lymphography,64,10.0,0.744131,2.3
lymphography,64,100.0,0.75939,2.3
lymphography,64,1000.0,0.757042,2.5
lymphography,128,0.0,0.746479,2.2
lymphography,128,0.1,0.872066,2.5
lymphography,128,1.0,0.963615,2.4
lymphography,128,10.0,0.764085,2.2
lymphography,128,100.0,0.741784,2.3
lymphography,128,1000.0,0.741784,2.2
lymphography,256,0.0,0.746479,2.2
lymphography,256,0.1,0.902582,2.1
lymphography,256,1.0,0.962441,2.1
lymphography,256,10.0,0.74061,2.4
lymphography,256,100.0,0.725352,2.2
lymphography,256,1000.0,0.728873,2.4
mnist,16,0.0,0.58706,33.3
mnist,16,0.1,0.515431,32.2
mnist,16,1.0,0.513261,32.7
mnist,16,10.0,0.65139,31.8
mnist,16,100.0,0.579718,31.4
mnist,16,1000.0,0.599788,33.3
mnist,32,0.0,0.521245,33.2
mnist,32,0.1,0.548756,33.6
mnist,32,1.0,0.567535,35.3
mnist,32,10.0,0.684107,34.2
mnist,32,100.0,0.693741,33.5
mnist,32,1000.0,0.649516,34.6
mnist,64,0.0,0.555037,34.3
mnist,64,0.1,0.514845,34.2
mnist,64,1.0,0.595387,33.5
mnist,64,10.0,0.677853,33.4
mnist,64,100.0,0.68023,33.9
mnist,64,1000.0,0.673644,34.1
mnist,128,0.0,0.527927,40.8
mnist,128,0.1,0.522533,40.3
mnist,128,1.0,0.599495,38.3
mnist,128,10.0,0.679765,39.4
mnist,128,100.0,0.673575,38.5
mnist,128,1000.0,0.67487,37.6
mnist,256,0.0,0.544217,49.1
mnist,256,0.1,0.533574,46.2
mnist,256,1.0,0.607095,46.2
mnist,256,10.0,0.676686,46.5
mnist,256,100.0,0.661901,46.3
mnist,256,1000.0,0.665795,45.7
monks_0_12_variant1,16,0.0,0.95943,2.2
monks_0_12_variant1,16,0.1,0.739401,2.1
monks_0_12_variant1,16,1.0,0.854532,2.2
monks_0_12_variant1,16,10.0,0.73538,2.2
monks_0_12_variant1,16,100.0,0.821272,2.3
monks_0_12_variant1,16,1000.0,0.822734,2.1
monks_0_12_variant1,32,0.0,0.522295,1.9
monks_0_12_variant1,32,0.1,0.681287,2.3
monks_0_12_variant1,32,1.0,0.857456,2.2
monks_0_12_variant1,32,10.0,0.927266,2.0
monks_0_12_variant1,32,100.0,0.911184,2.1
monks_0_12_variant1,32,1000.0,0.902778,2.3
monks_0_12_variant1,64,0.0,0.907529,2.1
monks_0_12_variant1,64,0.1,0.477705,2.5
monks_0_12_variant1,64,1.0,0.856725,2.2
monks_0_12_variant1,64,10.0,0.972588,2.2
monks_0_12_variant1,64,100.0,0.976608,2.2
monks_0_12_variant1,64,1000.0,0.975877,2.3
monks_0_12_variant1,128,0.0,0.802266,2.3
monks_0_12_variant1,128,0.1,0.442982,2.1
monks_0_12_variant1,128,1.0,0.844298,2.1
monks_0_12_variant1,128,10.0,0.976608,2.0
monks_0_12_variant1,128,100.0,0.976974,2.4
monks_0_12_variant1,128,1000.0,0.980629,2.1
monks_0_12_variant1,256,0.0,0.719664,2.1
monks_0_12_variant1,256,0.1,0.611842,2.2
monks_0_12_variant1,256,1.0,0.875,2.1
monks_0_12_variant1,256,10.0,0.996345,2.3
monks_0_12_variant1,256,100.0,0.996345,2.3
monks_0_12_variant1,256,1000.0,0.996345,2.3
monks_0_25_variant1,16,0.0,0.626491,2.1
monks_0_25_variant1,16,0.1,0.539298,2.6
monks_0_25_variant1,16,1.0,0.740526,2.4
monks_0_25_variant1,16,10.0,0.72,2.3
monks_0_25_variant1,16,100.0,0.665789,2.3
monks_0_25_variant1,16,1000.0,0.665965,2.2
monks_0_25_variant1,32,0.0,0.525965,2.3
monks_0_25_variant1,32,0.1,0.574912,2.6
monks_0_25_variant1,32,1.0,0.752807,2.9
monks_0_25_variant1,32,10.0,0.736491,2.3
monks_0_25_variant1,32,100.0,0.785439,2.5
monks_0_25_variant1,32,1000.0,0.782807,2.3
monks_0_25_variant1,64,0.0,0.562632,2.1
monks_0_25_variant1,64,0.1,0.553333,2.1
monks_0_25_variant1,64,1.0,0.824561,2.3
monks_0_25_variant1,64,10.0,0.889474,2.3
monks_0_25_variant1,64,100.0,0.922632,2.2
monks_0_25_variant1,64,1000.0,0.924035,2.2
monks_0_25_variant1,128,0.0,0.554912,2.2
monks_0_25_variant1,128,0.1,0.517193,2.4
monks_0_25_variant1,128,1.0,0.824737,2.3
monks_0_25_variant1,128,10.0,0.964561,2.3
monks_0_25_variant1,128,100.0,0.973509,2.3
monks_0_25_variant1,128,1000.0,0.974386,2.2
monks_0_25_variant1,256,0.0,0.593333,2.3
monks_0_25_variant1,256,0.1,0.458947,2.5
monks_0_25_variant1,256,1.0,0.771053,2.7
monks_0_25_variant1,256,10.0,0.965614,2.2
monks_0_25_variant1,256,100.0,0.97,2.3
monks_0_25_variant1,256,1000.0,0.970351,2.5
monks_0_4_variant1,16,0.0,0.891447,2.3
monks_0_4_variant1,16,0.1,0.414474,2.6
monks_0_4_variant1,16,1.0,0.816886,2.9
monks_0_4_variant1,16,10.0,0.855263,2.4
monks_0_4_variant1,16,100.0,0.872807,2.7
monks_0_4_variant1,16,1000.0,0.877193,2.3
monks_0_4_variant1,32,0.0,0.753289,2.4
monks_0_4_variant1,32,0.1,0.377193,2.3
monks_0_4_variant1,32,1.0,0.887061,2.4
monks_0_4_variant1,32,10.0,0.842105,2.4
monks_0_4_variant1,32,100.0,0.844298,2.5
monks_0_4_variant1,32,1000.0,0.841009,2.4
monks_0_4_variant1,64,0.0,0.905702,2.2
monks_0_4_variant1,64,0.1,0.452851,2.3
monks_0_4_variant1,64,1.0,0.939693,2.2
monks_0_4_variant1,64,10.0,0.907895,2.2
monks_0_4_variant1,64,100.0,0.929825,2.4
monks_0_4_variant1,64,1000.0,0.929825,2.5
monks_0_4_variant1,128,0.0,0.876096,2.3
monks_0_4_variant1,128,0.1,0.498904,2.3
monks_0_4_variant1,128,1.0,0.996711,2.7
monks_0_4_variant1,128,10.0,1.0,2.3
monks_0_4_variant1,128,100.0,1.0,2.6
monks_0_4_variant1,128,1000.0,1.0,2.4
monks_0_4_variant1,256,0.0,0.946272,2.2
monks_0_4_variant1,256,0.1,0.552632,2.4
monks_0_4_variant1,256,1.0,0.979167,2.5
monks_0_4_variant1,256,10.0,0.998904,2.4
monks_0_4_variant1,256,100.0,1.0,2.7
monks_0_4_variant1,256,1000.0,1.0,2.3
mushroom_p_221_variant1,16,0.0,0.911396,23.4
mushroom_p_221_variant1,16,0.1,0.605628,22.9
mushroom_p_221_variant1,16,1.0,0.6927,21.9
mushroom_p_221_variant1,16,10.0,0.91348,18.5
mushroom_p_221_variant1,16,100.0,0.906013,21.0
mushroom_p_221_variant1,16,1000.0,0.89424,21.0
mushroom_p_221_variant1,32,0.0,0.6981,21.0
mushroom_p_221_variant1,32,0.1,0.505429,20.9
mushroom_p_221_variant1,32,1.0,0.678664,21.0
mushroom_p_221_variant1,32,10.0,0.860833,20.3
mushroom_p_221_variant1,32,100.0,0.793139,20.1
mushroom_p_221_variant1,32,1000.0,0.728694,20.2
mushroom_p_221_variant1,64,0.0,0.437656,22.2
mushroom_p_221_variant1,64,0.1,0.495068,21.9
mushroom_p_221_variant1,64,1.0,0.633755,22.1
mushroom_p_221_variant1,64,10.0,0.79155,23.0
mushroom_p_221_variant1,64,100.0,0.619874,22.5
mushroom_p_221_variant1,64,1000.0,0.588344,22.2
mushroom_p_221_variant1,128,0.0,0.502907,27.6
mushroom_p_221_variant1,128,0.1,0.473858,23.7
mushroom_p_221_variant1,128,1.0,0.700274,20.8
mushroom_p_221_variant1,128,10.0,0.929915,22.2
mushroom_p_221_variant1,128,100.0,0.901527,21.0
mushroom_p_221_variant1,128,1000.0,0.894246,21.7
mushroom_p_221_variant1,256,0.0,0.410765,36.3
mushroom_p_221_variant1,256,0.1,0.549461,23.8
mushroom_p_221_variant1,256,1.0,0.638853,24.0
mushroom_p_221_variant1,256,10.0,0.727116,23.9
mushroom_p_221_variant1,256,100.0,0.653968,24.4
mushroom_p_221_variant1,256,1000.0,0.519232,24.9
mushroom_p_365_variant1,16,0.0,0.746787,21.2
mushroom_p_365_variant1,16,0.1,0.512911,20.3
mushroom_p_365_variant1,16,1.0,0.591592,20.9
mushroom_p_365_variant1,16,10.0,0.482822,21.4
mushroom_p_365_variant1,16,100.0,0.493614,21.2
mushroom_p_365_variant1,16,1000.0,0.603353,19.1
mushroom_p_365_variant1,32,0.0,0.531608,21.3
mushroom_p_365_variant1,32,0.1,0.478493,21.2
mushroom_p_365_variant1,32,1.0,0.575185,19.8
mushroom_p_365_variant1,32,10.0,0.784177,20.8
mushroom_p_365_variant1,32,100.0,0.597012,20.2
mushroom_p_365_variant1,32,1000.0,0.580936,19.6
mushroom_p_365_variant1,64,0.0,0.450529,22.7
mushroom_p_365_variant1,64,0.1,0.407651,19.7
mushroom_p_365_variant1,64,1.0,0.572081,19.5
mushroom_p_365_variant1,64,10.0,0.753546,20.1
mushroom_p_365_variant1,64,100.0,0.744144,20.4
mushroom_p_365_variant1,64,1000.0,0.554668,20.3
mushroom_p_365_variant1,128,0.0,0.386973,27.3
mushroom_p_365_variant1,128,0.1,0.438635,23.1
mushroom_p_365_variant1,128,1.0,0.619748,21.9
mushroom_p_365_variant1,128,10.0,0.884657,23.7
mushroom_p_365_variant1,128,100.0,0.845603,19.9
mushroom_p_365_variant1,128,1000.0,0.788712,21.1
mushroom_p_365_variant1,256,0.0,0.344789,36.7
mushroom_p_365_variant1,256,0.1,0.442344,24.4
mushroom_p_365_variant1,256,1.0,0.589845,24.3
mushroom_p_365_variant1,256,10.0,0.798945,23.5
mushroom_p_365_variant1,256,100.0,0.812882,23.9
mushroom_p_365_variant1,256,1000.0,0.783913,23.9
mushroom_p_467_variant1,16,0.0,0.564763,23.2
mushroom_p_467_variant1,16,0.1,0.512467,23.5
mushroom_p_467_variant1,16,1.0,0.623199,22.4
mushroom_p_467_variant1,16,10.0,0.58218,23.2
mushroom_p_467_variant1,16,100.0,0.722729,24.2
mushroom_p_467_variant1,16,1000.0,0.632494,24.3
mushroom_p_467_variant1,32,0.0,0.412176,25.4
mushroom_p_467_variant1,32,0.1,0.451131,21.4
mushroom_p_467_variant1,32,1.0,0.612805,23.4
mushroom_p_467_variant1,32,10.0,0.645377,22.2
mushroom_p_467_variant1,32,100.0,0.691173,21.6
mushroom_p_467_variant1,32,1000.0,0.531139,22.3
mushroom_p_467_variant1,64,0.0,0.384922,23.9
mushroom_p_467_variant1,64,0.1,0.419328,21.9
mushroom_p_467_variant1,64,1.0,0.58117,22.2
mushroom_p_467_variant1,64,10.0,0.631411,21.5
mushroom_p_467_variant1,64,100.0,0.529097,23.6
mushroom_p_467_variant1,64,1000.0,0.564945,23.2
mushroom_p_467_variant1,128,0.0,0.390393,27.5
mushroom_p_467_variant1,128,0.1,0.441947,25.0
mushroom_p_467_variant1,128,1.0,0.616829,25.4
mushroom_p_467_variant1,128,10.0,0.675926,26.4
mushroom_p_467_variant1,128,100.0,0.814727,22.8
mushroom_p_467_variant1,128,1000.0,0.703056,23.7
mushroom_p_467_variant1,256,0.0,0.400812,37.2
mushroom_p_467_variant1,256,0.1,0.442304,26.8
mushroom_p_467_variant1,256,1.0,0.588888,27.2
mushroom_p_467_variant1,256,10.0,0.680024,25.9
mushroom_p_467_variant1,256,100.0,0.658008,26.3
mushroom_p_467_variant1,256,1000.0,0.626724,26.3
mushroom_p_573_variant1,16,0.0,0.508533,23.0
mushroom_p_573_variant1,16,0.1,0.499692,22.1
mushroom_p_573_variant1,16,1.0,0.543816,22.6
mushroom_p_573_variant1,16,10.0,0.544786,23.5
mushroom_p_573_variant1,16,100.0,0.645454,23.5
mushroom_p_573_variant1,16,1000.0,0.573935,24.5
mushroom_p_573_variant1,32,0.0,0.371413,24.1
mushroom_p_573_variant1,32,0.1,0.470514,22.6
mushroom_p_573_variant1,32,1.0,0.625182,23.8
mushroom_p_573_variant1,32,10.0,0.808016,22.0
mushroom_p_573_variant1,32,100.0,0.799489,22.0
mushroom_p_573_variant1,32,1000.0,0.734368,21.9
mushroom_p_573_variant1,64,0.0,0.573293,24.7
mushroom_p_573_variant1,64,0.1,0.41842,22.9
mushroom_p_573_variant1,64,1.0,0.580581,21.6
mushroom_p_573_variant1,64,10.0,0.583348,22.9
mushroom_p_573_variant1,64,100.0,0.684616,23.4
mushroom_p_573_variant1,64,1000.0,0.473345,23.5
mushroom_p_573_variant1,128,0.0,0.539591,28.5
mushroom_p_573_variant1,128,0.1,0.422931,26.5
mushroom_p_573_variant1,128,1.0,0.580341,26.3
mushroom_p_573_variant1,128,10.0,0.76997,25.3
mushroom_p_573_variant1,128,100.0,0.664254,23.3
mushroom_p_573_variant1,128,1000.0,0.59103,25.1
mushroom_p_573_variant1,256,0.0,0.423674,37.6
mushroom_p_573_variant1,256,0.1,0.426023,27.9
mushroom_p_573_variant1,256,1.0,0.564362,26.6
mushroom_p_573_variant1,256,10.0,0.421367,27.2
mushroom_p_573_variant1,256,100.0,0.610426,26.3
mushroom_p_573_variant1,256,1000.0,0.431169,27.0
mushroom_p_85_variant1,16,0.0,0.879012,20.1
mushroom_p_85_variant1,16,0.1,0.629381,19.9
mushroom_p_85_variant1,16,1.0,0.699569,20.8
mushroom_p_85_variant1,16,10.0,0.791836,21.2
mushroom_p_85_variant1,16,100.0,0.910392,22.3
mushroom_p_85_variant1,16,1000.0,0.888881,22.1
mushroom_p_85_variant1,32,0.0,0.676767,20.5
mushroom_p_85_variant1,32,0.1,0.798669,20.2
mushroom_p_85_variant1,32,1.0,0.653335,21.4
mushroom_p_85_variant1,32,10.0,0.735845,20.6
mushroom_p_85_variant1,32,100.0,0.805074,20.7
mushroom_p_85_variant1,32,1000.0,0.785378,20.0
mushroom_p_85_variant1,64,0.0,0.758843,22.4
mushroom_p_85_variant1,64,0.1,0.923451,20.2
mushroom_p_85_variant1,64,1.0,0.664619,19.8
mushroom_p_85_variant1,64,10.0,0.870882,19.9
mushroom_p_85_variant1,64,100.0,0.877156,22.0
mushroom_p_85_variant1,64,1000.0,0.872523,23.2
mushroom_p_85_variant1,128,0.0,0.785202,31.4
mushroom_p_85_variant1,128,0.1,0.92847,26.5
mushroom_p_85_variant1,128,1.0,0.670873,24.8
mushroom_p_85_variant1,128,10.0,0.940835,22.8
mushroom_p_85_variant1,128,100.0,0.945174,21.0
mushroom_p_85_variant1,128,1000.0,0.876733,21.1
mushroom_p_85_variant1,256,0.0,0.573342,31.0
mushroom_p_85_variant1,256,0.1,0.919115,24.2
mushroom_p_85_variant1,256,1.0,0.6569,23.6
mushroom_p_85_variant1,256,10.0,0.832048,23.3
mushroom_p_85_variant1,256,100.0,0.89967,23.1
mushroom_p_85_variant1,256,1000.0,0.844126,23.4
musk,16,0.0,0.876136,12.5
musk,16,0.1,0.884908,12.4
musk,16,1.0,0.748436,13.9
musk,16,10.0,0.947285,13.3
musk,16,100.0,0.944587,13.2
musk,16,1000.0,0.947922,12.7
musk,32,0.0,0.837778,14.3
musk,32,0.1,0.885649,13.2
musk,32,1.0,0.835476,13.7
musk,32,10.0,0.986739,14.0
musk,32,100.0,0.954778,14.0
musk,32,1000.0,0.95878,14.5
musk,64,0.0,0.897432,15.0
musk,64,0.1,0.874415,12.9
musk,64,1.0,0.961172,13.7
musk,64,10.0,0.991047,14.0
musk,64,100.0,0.956631,14.1
musk,64,1000.0,0.958989,14.0
musk,128,0.0,0.798581,13.4
musk,128,0.1,0.87754,14.1
musk,128,1.0,0.868135,13.8
musk,128,10.0,0.98458,13.3
musk,128,100.0,0.977598,13.4
musk,128,1000.0,0.976916,13.3
musk,256,0.0,0.844439,15.1
musk,256,0.1,0.895544,14.9
musk,256,1.0,0.939233,14.3
musk,256,10.0,0.984618,14.3
musk,256,100.0,0.969336,14.9
musk,256,1000.0,0.971868,14.4
nhanes_age_364,16,0.0,0.754923,11.5
nhanes_age_364,16,0.1,0.80626,11.5
nhanes_age_364,16,1.0,0.689163,11.6
nhanes_age_364,16,10.0,0.72344,10.9
nhanes_age_364,16,100.0,0.746305,11.6
nhanes_age_364,16,1000.0,0.725047,11.7
nhanes_age_364,32,0.0,0.756934,11.1
nhanes_age_364,32,0.1,0.761437,12.5
nhanes_age_364,32,1.0,0.689326,11.9
nhanes_age_364,32,10.0,0.748674,12.2
nhanes_age_364,32,100.0,0.69098,10.5
nhanes_age_364,32,1000.0,0.703607,10.5
nhanes_age_364,64,0.0,0.783735,10.8
nhanes_age_364,64,0.1,0.792203,12.2
nhanes_age_364,64,1.0,0.690806,11.3
nhanes_age_364,64,10.0,0.733314,10.9
nhanes_age_364,64,100.0,0.762206,11.5
nhanes_age_364,64,1000.0,0.831361,10.9
nhanes_age_364,128,0.0,0.764768,11.9
nhanes_age_364,128,0.1,0.772275,12.2
nhanes_age_364,128,1.0,0.682547,11.4
nhanes_age_364,128,10.0,0.724092,11.2
nhanes_age_364,128,100.0,0.622828,11.0
nhanes_age_364,128,1000.0,0.663298,11.4
nhanes_age_364,256,0.0,0.755759,12.2
nhanes_age_364,256,0.1,0.775279,12.2
nhanes_age_364,256,1.0,0.685839,11.4
nhanes_age_364,256,10.0,0.741602,11.5
nhanes_age_364,256,100.0,0.652586,12.0
nhanes_age_364,256,1000.0,0.645023,11.6
optdigits,16,0.0,0.766213,25.3
optdigits,16,0.1,0.556488,25.0
optdigits,16,1.0,0.539201,25.7
optdigits,16,10.0,0.43072,25.6
optdigits,16,100.0,0.470959,26.5
optdigits,16,1000.0,0.462799,23.9
optdigits,32,0.0,0.729197,24.7
optdigits,32,0.1,0.645336,25.5
optdigits,32,1.0,0.552153,24.0
optdigits,32,10.0,0.462833,24.8
optdigits,32,100.0,0.492449,23.9
optdigits,32,1000.0,0.491213,24.0
optdigits,64,0.0,0.560383,24.4
optdigits,64,0.1,0.611938,24.0
optdigits,64,1.0,0.556638,25.1
optdigits,64,10.0,0.436586,24.8
optdigits,64,100.0,0.476315,25.9
optdigits,64,1000.0,0.449629,25.9
optdigits,128,0.0,0.531707,28.9
optdigits,128,0.1,0.631415,27.2
optdigits,128,1.0,0.558822,26.3
optdigits,128,10.0,0.462296,27.9
optdigits,128,100.0,0.560791,27.3
optdigits,128,1000.0,0.459151,27.5
optdigits,256,0.0,0.495485,33.5
optdigits,256,0.1,0.638658,31.3
optdigits,256,1.0,0.56452,30.2
optdigits,256,10.0,0.448221,31.2
optdigits,256,100.0,0.526049,31.3
optdigits,256,1000.0,0.45659,32.7
pageblocks_1_258_variant1,16,0.0,0.91517,25.2
pageblocks_1_258_variant1,16,0.1,0.893818,25.7
pageblocks_1_258_variant1,16,1.0,0.887445,23.2
pageblocks_1_258_variant1,16,10.0,0.875969,25.7
pageblocks_1_258_variant1,16,100.0,0.920866,24.4
pageblocks_1_258_variant1,16,1000.0,0.917829,23.8
pageblocks_1_258_variant1,32,0.0,0.890094,23.4
pageblocks_1_258_variant1,32,0.1,0.860922,24.3
pageblocks_1_258_variant1,32,1.0,0.880936,24.6
pageblocks_1_258_variant1,32,10.0,0.873366,23.9
pageblocks_1_258_variant1,32,100.0,0.914227,24.1
pageblocks_1_258_variant1,32,1000.0,0.92274,25.3
pageblocks_1_258_variant1,64,0.0,0.895397,24.7
pageblocks_1_258_variant1,64,0.1,0.862067,25.8
pageblocks_1_258_variant1,64,1.0,0.877361,26.0
pageblocks_1_258_variant1,64,10.0,0.873538,27.2
pageblocks_1_258_variant1,64,100.0,0.910484,24.1
pageblocks_1_258_variant1,64,1000.0,0.935607,24.2
pageblocks_1_258_variant1,128,0.0,0.874573,26.2
pageblocks_1_258_variant1,128,0.1,0.8639,26.4
pageblocks_1_258_variant1,128,1.0,0.875519,26.7
pageblocks_1_258_variant1,128,10.0,0.876356,25.7
pageblocks_1_258_variant1,128,100.0,0.9114,26.7
pageblocks_1_258_variant1,128,1000.0,0.918213,25.6
pageblocks_1_258_variant1,256,0.0,0.883351,28.4
pageblocks_1_258_variant1,256,0.1,0.865107,31.2
pageblocks_1_258_variant1,256,1.0,0.875928,31.0
pageblocks_1_258_variant1,256,10.0,0.877208,31.6
pageblocks_1_258_variant1,256,100.0,0.912169,32.5
pageblocks_1_258_variant1,256,1000.0,0.922014,30.6
pendigits,16,0.0,0.778464,32.1
pendigits,16,0.1,0.811433,32.2
pendigits,16,1.0,0.63783,31.1
pendigits,16,10.0,0.752952,30.7
pendigits,16,100.0,0.714817,31.3
pendigits,16,1000.0,0.831086,31.0
pendigits,32,0.0,0.808541,32.9
pendigits,32,0.1,0.801979,33.5
pendigits,32,1.0,0.587252,34.4
pendigits,32,10.0,0.497765,35.2
pendigits,32,100.0,0.595168,32.8
pendigits,32,1000.0,0.705449,31.9
pendigits,64,0.0,0.807824,33.1
pendigits,64,0.1,0.794329,35.0
pendigits,64,1.0,0.575565,31.4
pendigits,64,10.0,0.772064,32.5
pendigits,64,100.0,0.681653,31.9
pendigits,64,1000.0,0.653486,33.2
pendigits,128,0.0,0.787123,38.1
pendigits,128,0.1,0.791744,41.5
pendigits,128,1.0,0.56944,40.9
pendigits,128,10.0,0.384155,35.1
pendigits,128,100.0,0.329676,36.5
pendigits,128,1000.0,0.687329,35.5
pendigits,256,0.0,0.778205,47.0
pendigits,256,0.1,0.785923,47.5
pendigits,256,1.0,0.586895,43.0
pendigits,256,10.0,0.520629,43.3
pendigits,256,100.0,0.692735,43.9
pendigits,256,1000.0,0.773102,44.2
pima_TRUE_55_variant1,16,0.0,0.628473,4.0
pima_TRUE_55_variant1,16,0.1,0.619564,4.5
pima_TRUE_55_variant1,16,1.0,0.676218,4.4
pima_TRUE_55_variant1,16,10.0,0.748945,4.4
pima_TRUE_55_variant1,16,100.0,0.7728,4.6
pima_TRUE_55_variant1,16,1000.0,0.811782,4.8
pima_TRUE_55_variant1,32,0.0,0.655455,4.3
pima_TRUE_55_variant1,32,0.1,0.630109,4.2
pima_TRUE_55_variant1,32,1.0,0.662218,4.7
pima_TRUE_55_variant1,32,10.0,0.690109,4.7
pima_TRUE_55_variant1,32,100.0,0.786618,4.4
pima_TRUE_55_variant1,32,1000.0,0.795164,4.3
pima_TRUE_55_variant1,64,0.0,0.640291,4.5
pima_TRUE_55_variant1,64,0.1,0.657709,4.3
pima_TRUE_55_variant1,64,1.0,0.658036,4.5
pima_TRUE_55_variant1,64,10.0,0.706436,4.5
pima_TRUE_55_variant1,64,100.0,0.762945,4.6
pima_TRUE_55_variant1,64,1000.0,0.800109,4.3
pima_TRUE_55_variant1,128,0.0,0.655745,4.3
pima_TRUE_55_variant1,128,0.1,0.676255,4.2
pima_TRUE_55_variant1,128,1.0,0.683455,4.3
pima_TRUE_55_variant1,128,10.0,0.686327,4.4
pima_TRUE_55_variant1,128,100.0,0.757309,4.0
pima_TRUE_55_variant1,128,1000.0,0.75,4.1
pima_TRUE_55_variant1,256,0.0,0.648182,4.4
pima_TRUE_55_variant1,256,0.1,0.650073,4.3
pima_TRUE_55_variant1,256,1.0,0.667055,4.3
pima_TRUE_55_variant1,256,10.0,0.682582,4.3
pima_TRUE_55_variant1,256,100.0,0.750182,4.2
pima_TRUE_55_variant1,256,1000.0,0.7376,4.7
psdas_dropout_1421,16,0.0,0.507225,20.6
psdas_dropout_1421,16,0.1,0.509629,19.0
psdas_dropout_1421,16,1.0,0.462198,18.6
psdas_dropout_1421,16,10.0,0.70702,21.0
psdas_dropout_1421,16,100.0,0.709776,20.2
psdas_dropout_1421,16,1000.0,0.682816,19.9
psdas_dropout_1421,32,0.0,0.507234,20.7
psdas_dropout_1421,32,0.1,0.482309,20.9
psdas_dropout_1421,32,1.0,0.488866,22.6
psdas_dropout_1421,32,10.0,0.694481,22.7
psdas_dropout_1421,32,100.0,0.718324,18.7
psdas_dropout_1421,32,1000.0,0.69451,20.6
psdas_dropout_1421,64,0.0,0.453925,23.0
psdas_dropout_1421,64,0.1,0.483174,20.5
psdas_dropout_1421,64,1.0,0.510299,20.5
psdas_dropout_1421,64,10.0,0.735397,20.2
psdas_dropout_1421,64,100.0,0.737837,20.1
psdas_dropout_1421,64,1000.0,0.713043,20.2
psdas_dropout_1421,128,0.0,0.435011,24.1
psdas_dropout_1421,128,0.1,0.480633,20.4
psdas_dropout_1421,128,1.0,0.527836,21.5
psdas_dropout_1421,128,10.0,0.721367,21.1
psdas_dropout_1421,128,100.0,0.721997,20.6
psdas_dropout_1421,128,1000.0,0.709679,22.2
psdas_dropout_1421,256,0.0,0.446022,33.8
psdas_dropout_1421,256,0.1,0.491161,26.9
psdas_dropout_1421,256,1.0,0.522857,24.2
psdas_dropout_1421,256,10.0,0.718058,23.4
psdas_dropout_1421,256,100.0,0.725192,24.6
psdas_dropout_1421,256,1000.0,0.712769,24.7
satellite,16,0.0,0.581839,29.1
satellite,16,0.1,0.621993,29.2
satellite,16,1.0,0.586453,28.8
satellite,16,10.0,0.584794,29.5
satellite,16,100.0,0.700665,30.1
satellite,16,1000.0,0.676392,29.3
satellite,32,0.0,0.58778,29.9
satellite,32,0.1,0.63094,31.7
satellite,32,1.0,0.597338,31.1
satellite,32,10.0,0.577015,27.1
satellite,32,100.0,0.664232,31.1
satellite,32,1000.0,0.664425,29.6
satellite,64,0.0,0.58455,30.0
satellite,64,0.1,0.634299,28.6
satellite,64,1.0,0.596865,29.5
satellite,64,10.0,0.586038,28.6
satellite,64,100.0,0.655925,30.5
satellite,64,1000.0,0.670979,29.3
satellite,128,0.0,0.576941,34.9
satellite,128,0.1,0.641542,35.2
satellite,128,1.0,0.591608,36.3
satellite,128,10.0,0.583068,31.9
satellite,128,100.0,0.687671,34.3
satellite,128,1000.0,0.674784,33.3
satellite,256,0.0,0.578741,41.2
satellite,256,0.1,0.643106,39.1
satellite,256,1.0,0.594456,38.8
satellite,256,10.0,0.586539,40.3
satellite,256,100.0,0.691069,41.1
satellite,256,1000.0,0.692142,42.0
satimage2,16,0.0,0.948119,25.7
satimage2,16,0.1,0.940278,27.5
satimage2,16,1.0,0.98136,28.0
satimage2,16,10.0,0.964398,26.6
satimage2,16,100.0,0.891047,26.2
satimage2,16,1000.0,0.87091,25.8
satimage2,32,0.0,0.934332,26.3
satimage2,32,0.1,0.940271,26.7
satimage2,32,1.0,0.98391,28.1
satimage2,32,10.0,0.965243,27.3
satimage2,32,100.0,0.818,27.7
satimage2,32,1000.0,0.870185,28.6
satimage2,64,0.0,0.953867,29.0
satimage2,64,0.1,0.944706,28.1
satimage2,64,1.0,0.983476,27.3
satimage2,64,10.0,0.962821,27.5
satimage2,64,100.0,0.767515,27.6
satimage2,64,1000.0,0.8993,27.4
satimage2,128,0.0,0.95539,28.5
satimage2,128,0.1,0.949677,29.3
satimage2,128,1.0,0.983348,28.4
satimage2,128,10.0,0.966607,30.8
satimage2,128,100.0,0.802591,29.7
satimage2,128,1000.0,0.86073,30.7
satimage2,256,0.0,0.954977,37.1
satimage2,256,0.1,0.948883,36.7
satimage2,256,1.0,0.98352,34.1
satimage2,256,10.0,0.96545,35.2
satimage2,256,100.0,0.758315,33.9
satimage2,256,1000.0,0.823167,33.7
sick_sick_35_variant1,16,0.0,0.626933,14.7
sick_sick_35_variant1,16,0.1,0.613555,15.5
sick_sick_35_variant1,16,1.0,0.838988,14.7
sick_sick_35_variant1,16,10.0,0.719918,14.8
sick_sick_35_variant1,16,100.0,0.723863,16.0
sick_sick_35_variant1,16,1000.0,0.767709,15.4
sick_sick_35_variant1,32,0.0,0.667656,14.9
sick_sick_35_variant1,32,0.1,0.544084,16.3
sick_sick_35_variant1,32,1.0,0.875072,16.4
sick_sick_35_variant1,32,10.0,0.647017,16.7
sick_sick_35_variant1,32,100.0,0.780595,17.0
sick_sick_35_variant1,32,1000.0,0.738097,17.8
sick_sick_35_variant1,64,0.0,0.590382,17.1
sick_sick_35_variant1,64,0.1,0.479574,15.5
sick_sick_35_variant1,64,1.0,0.859491,14.8
sick_sick_35_variant1,64,10.0,0.823182,17.2
sick_sick_35_variant1,64,100.0,0.787978,16.7
sick_sick_35_variant1,64,1000.0,0.788889,15.7
sick_sick_35_variant1,128,0.0,0.561407,17.3
sick_sick_35_variant1,128,0.1,0.460564,16.6
sick_sick_35_variant1,128,1.0,0.858805,15.8
sick_sick_35_variant1,128,10.0,0.809158,15.5
sick_sick_35_variant1,128,100.0,0.876217,16.1
sick_sick_35_variant1,128,1000.0,0.78358,15.5
sick_sick_35_variant1,256,0.0,0.570372,18.6
sick_sick_35_variant1,256,0.1,0.510953,19.1
sick_sick_35_variant1,256,1.0,0.86856,18.1
sick_sick_35_variant1,256,10.0,0.720515,18.3
sick_sick_35_variant1,256,100.0,0.769081,18.0
sick_sick_35_variant1,256,1000.0,0.724154,18.4
sick_sick_72_variant1,16,0.0,0.684968,18.6
sick_sick_72_variant1,16,0.1,0.777123,20.0
sick_sick_72_variant1,16,1.0,0.795699,20.2
sick_sick_72_variant1,16,10.0,0.525417,19.3
sick_sick_72_variant1,16,100.0,0.554449,17.0
sick_sick_72_variant1,16,1000.0,0.554489,19.4
sick_sick_72_variant1,32,0.0,0.679744,18.0
sick_sick_72_variant1,32,0.1,0.829254,17.9
sick_sick_72_variant1,32,1.0,0.849799,18.7
sick_sick_72_variant1,32,10.0,0.539553,18.3
sick_sick_72_variant1,32,100.0,0.552547,17.2
sick_sick_72_variant1,32,1000.0,0.549311,17.1
sick_sick_72_variant1,64,0.0,0.73597,17.4
sick_sick_72_variant1,64,0.1,0.838044,17.1
sick_sick_72_variant1,64,1.0,0.8219,16.8
sick_sick_72_variant1,64,10.0,0.757448,17.9
sick_sick_72_variant1,64,100.0,0.697947,18.1
sick_sick_72_variant1,64,1000.0,0.645702,18.1
sick_sick_72_variant1,128,0.0,0.737009,18.3
sick_sick_72_variant1,128,0.1,0.853784,19.3
sick_sick_72_variant1,128,1.0,0.8463,19.2
sick_sick_72_variant1,128,10.0,0.726949,19.5
sick_sick_72_variant1,128,100.0,0.850411,20.9
sick_sick_72_variant1,128,1000.0,0.70216,18.2
sick_sick_72_variant1,256,0.0,0.689251,20.6
sick_sick_72_variant1,256,0.1,0.827054,21.5
sick_sick_72_variant1,256,1.0,0.856714,21.0
sick_sick_72_variant1,256,10.0,0.676869,19.8
sick_sick_72_variant1,256,100.0,0.698661,20.4
sick_sick_72_variant1,256,1000.0,0.664129,19.9
sonar_M_10_variant1,16,0.0,0.738144,2.2
sonar_M_10_variant1,16,0.1,0.696907,2.1
sonar_M_10_variant1,16,1.0,0.787629,2.2
sonar_M_10_variant1,16,10.0,0.802062,2.1
sonar_M_10_variant1,16,100.0,0.720619,2.2
sonar_M_10_variant1,16,1000.0,0.716495,2.3
sonar_M_10_variant1,32,0.0,0.847423,2.2
sonar_M_10_variant1,32,0.1,0.759794,2.3
sonar_M_10_variant1,32,1.0,0.797938,2.3
sonar_M_10_variant1,32,10.0,0.837113,2.2
sonar_M_10_variant1,32,100.0,0.671134,2.1
sonar_M_10_variant1,32,1000.0,0.793814,2.2
sonar_M_10_variant1,64,0.0,0.836082,2.1
sonar_M_10_variant1,64,0.1,0.765979,2.2
sonar_M_10_variant1,64,1.0,0.807216,2.1
sonar_M_10_variant1,64,10.0,0.676289,2.0
sonar_M_10_variant1,64,100.0,0.620619,2.3
sonar_M_10_variant1,64,1000.0,0.610309,2.3
sonar_M_10_variant1,128,0.0,0.66701,2.1
sonar_M_10_variant1,128,0.1,0.758763,2.1
sonar_M_10_variant1,128,1.0,0.792784,2.3
sonar_M_10_variant1,128,10.0,0.709278,2.1
sonar_M_10_variant1,128,100.0,0.65567,2.1
sonar_M_10_variant1,128,1000.0,0.648454,2.0
sonar_M_10_variant1,256,0.0,0.610309,2.0
sonar_M_10_variant1,256,0.1,0.778351,2.2
sonar_M_10_variant1,256,1.0,0.787629,2.2
sonar_M_10_variant1,256,10.0,0.709278,2.1
sonar_M_10_variant1,256,100.0,0.649485,2.2
sonar_M_10_variant1,256,1000.0,0.647423,2.1
spambase_spam_56_variant1,16,0.0,0.514181,13.9
spambase_spam_56_variant1,16,0.1,0.567579,13.5
spambase_spam_56_variant1,16,1.0,0.729991,14.1
spambase_spam_56_variant1,16,10.0,0.569994,13.3
spambase_spam_56_variant1,16,100.0,0.562007,12.8
spambase_spam_56_variant1,16,1000.0,0.6379,14.4
spambase_spam_56_variant1,32,0.0,0.502139,15.1
spambase_spam_56_variant1,32,0.1,0.626467,14.7
spambase_spam_56_variant1,32,1.0,0.549139,14.1
spambase_spam_56_variant1,32,10.0,0.580703,15.3
spambase_spam_56_variant1,32,100.0,0.560649,14.7
spambase_spam_56_variant1,32,1000.0,0.676317,13.3
spambase_spam_56_variant1,64,0.0,0.568034,13.5
spambase_spam_56_variant1,64,0.1,0.667459,14.1
spambase_spam_56_variant1,64,1.0,0.728313,14.3
spambase_spam_56_variant1,64,10.0,0.572024,13.7
spambase_spam_56_variant1,64,100.0,0.667984,13.5
spambase_spam_56_variant1,64,1000.0,0.666287,13.8
spambase_spam_56_variant1,128,0.0,0.585347,15.0
spambase_spam_56_variant1,128,0.1,0.663795,14.0
spambase_spam_56_variant1,128,1.0,0.720377,13.1
spambase_spam_56_variant1,128,10.0,0.577629,12.9
spambase_spam_56_variant1,128,100.0,0.611902,13.8
spambase_spam_56_variant1,128,1000.0,0.650274,12.8
spambase_spam_56_variant1,256,0.0,0.580838,16.1
spambase_spam_56_variant1,256,0.1,0.627165,14.7
spambase_spam_56_variant1,256,1.0,0.726763,14.2
spambase_spam_56_variant1,256,10.0,0.716572,15.0
spambase_spam_56_variant1,256,100.0,0.625096,14.8
spambase_spam_56_variant1,256,1000.0,0.680941,14.0
speech,16,0.0,0.497687,17.8
speech,16,0.1,0.494209,18.5
speech,16,1.0,0.497311,19.6
speech,16,10.0,0.485504,20.8
speech,16,100.0,0.493648,20.1
speech,16,1000.0,0.490311,17.1
speech,32,0.0,0.46963,16.8
speech,32,0.1,0.45008,18.8
speech,32,1.0,0.473678,19.2
speech,32,10.0,0.465149,18.2
speech,32,100.0,0.481565,18.4
speech,32,1000.0,0.484631,18.3
speech,64,0.0,0.451021,16.7
speech,64,0.1,0.44876,17.3
speech,64,1.0,0.440502,17.3
speech,64,10.0,0.463995,17.8
speech,64,100.0,0.471715,17.4
speech,64,1000.0,0.462575,17.4
speech,128,0.0,0.435672,18.6
speech,128,0.1,0.437327,18.8
speech,128,1.0,0.471484,19.6
speech,128,10.0,0.46282,20.0
speech,128,100.0,0.476816,19.6
speech,128,1000.0,0.463783,20.9
speech,256,0.0,0.45273,21.6
speech,256,0.1,0.468934,20.1
speech,256,1.0,0.489619,21.9
speech,256,10.0,0.488032,20.6
speech,256,100.0,0.494973,20.9
speech,256,1000.0,0.478408,20.5
thyroid,16,0.0,0.957816,16.8
thyroid,16,0.1,0.936717,17.2
thyroid,16,1.0,0.919821,18.0
thyroid,16,10.0,0.843728,17.6
thyroid,16,100.0,0.895203,16.9
thyroid,16,1000.0,0.826279,17.7
thyroid,32,0.0,0.952684,17.5
thyroid,32,0.1,0.927522,17.8
thyroid,32,1.0,0.920157,17.5
thyroid,32,10.0,0.845976,18.2
thyroid,32,100.0,0.889308,19.1
thyroid,32,1000.0,0.86013,19.1
thyroid,64,0.0,0.94901,19.5
thyroid,64,0.1,0.923179,20.1
thyroid,64,1.0,0.917454,16.9
thyroid,64,10.0,0.852654,18.4
thyroid,64,100.0,0.874656,18.8
thyroid,64,1000.0,0.885073,18.2
thyroid,128,0.0,0.955703,18.0
thyroid,128,0.1,0.931234,19.5
thyroid,128,1.0,0.921186,18.9
thyroid,128,10.0,0.854706,18.2
thyroid,128,100.0,0.880814,18.0
thyroid,128,1000.0,0.922226,18.0
thyroid,256,0.0,0.954534,19.3
thyroid,256,0.1,0.9348,21.4
thyroid,256,1.0,0.918895,20.9
thyroid,256,10.0,0.856895,20.4
thyroid,256,100.0,0.891497,20.9
thyroid,256,1000.0,0.786171,20.6
tic_tac_toe_negative_12_variant1,16,0.0,0.553914,5.0
tic_tac_toe_negative_12_variant1,16,0.1,0.457668,4.1
tic_tac_toe_negative_12_variant1,16,1.0,0.619808,4.2
tic_tac_toe_negative_12_variant1,16,10.0,0.830804,5.0
tic_tac_toe_negative_12_variant1,16,100.0,0.914537,4.7
tic_tac_toe_negative_12_variant1,16,1000.0,0.92066,5.1
tic_tac_toe_negative_12_variant1,32,0.0,0.808706,5.0
tic_tac_toe_negative_12_variant1,32,0.1,0.622338,5.0
tic_tac_toe_negative_12_variant1,32,1.0,0.609558,4.6
tic_tac_toe_negative_12_variant1,32,10.0,0.838924,4.5
tic_tac_toe_negative_12_variant1,32,100.0,0.925852,4.2
tic_tac_toe_negative_12_variant1,32,1000.0,0.930777,4.2
tic_tac_toe_negative_12_variant1,64,0.0,0.975506,4.6
tic_tac_toe_negative_12_variant1,64,0.1,0.657481,4.4
tic_tac_toe_negative_12_variant1,64,1.0,0.593983,4.4
tic_tac_toe_negative_12_variant1,64,10.0,0.927449,4.1
tic_tac_toe_negative_12_variant1,64,100.0,0.970181,4.4
tic_tac_toe_negative_12_variant1,64,1000.0,0.971246,4.5
tic_tac_toe_negative_12_variant1,128,0.0,0.910277,5.0
tic_tac_toe_negative_12_variant1,128,0.1,0.758387,4.6
tic_tac_toe_negative_12_variant1,128,1.0,0.63139,4.6
tic_tac_toe_negative_12_variant1,128,10.0,0.939696,4.9
tic_tac_toe_negative_12_variant1,128,100.0,0.968051,4.3
tic_tac_toe_negative_12_variant1,128,1000.0,0.97098,4.4
tic_tac_toe_negative_12_variant1,256,0.0,0.97311,4.6
tic_tac_toe_negative_12_variant1,256,0.1,0.773429,4.2
tic_tac_toe_negative_12_variant1,256,1.0,0.747071,4.2
tic_tac_toe_negative_12_variant1,256,10.0,0.992945,4.5
tic_tac_toe_negative_12_variant1,256,100.0,0.996805,4.3
tic_tac_toe_negative_12_variant1,256,1000.0,0.996938,4.8
tic_tac_toe_negative_26_variant1,16,0.0,0.602114,4.6
tic_tac_toe_negative_26_variant1,16,0.1,0.538093,4.5
tic_tac_toe_negative_26_variant1,16,1.0,0.552531,4.6
tic_tac_toe_negative_26_variant1,16,10.0,0.804129,4.5
tic_tac_toe_negative_26_variant1,16,100.0,0.936225,4.3
tic_tac_toe_negative_26_variant1,16,1000.0,0.932907,4.8
tic_tac_toe_negative_26_variant1,32,0.0,0.643893,4.8
tic_tac_toe_negative_26_variant1,32,0.1,0.658024,4.4
tic_tac_toe_negative_26_variant1,32,1.0,0.616429,4.4
tic_tac_toe_negative_26_variant1,32,10.0,0.945072,4.4
tic_tac_toe_negative_26_variant1,32,100.0,0.957053,4.0
tic_tac_toe_negative_26_variant1,32,1000.0,0.959019,4.3
tic_tac_toe_negative_26_variant1,64,0.0,0.925473,4.3
tic_tac_toe_negative_26_variant1,64,0.1,0.540182,4.2
tic_tac_toe_negative_26_variant1,64,1.0,0.470263,4.3
tic_tac_toe_negative_26_variant1,64,10.0,0.768555,4.0
tic_tac_toe_negative_26_variant1,64,100.0,0.957361,4.3
tic_tac_toe_negative_26_variant1,64,1000.0,0.958405,4.3
tic_tac_toe_negative_26_variant1,128,0.0,0.955272,4.7
tic_tac_toe_negative_26_variant1,128,0.1,0.639162,4.2
tic_tac_toe_negative_26_variant1,128,1.0,0.410543,4.1
tic_tac_toe_negative_26_variant1,128,10.0,0.791411,4.5
tic_tac_toe_negative_26_variant1,128,100.0,0.942861,4.3
tic_tac_toe_negative_26_variant1,128,1000.0,0.942676,4.2
tic_tac_toe_negative_26_variant1,256,0.0,0.956132,4.6
tic_tac_toe_negative_26_variant1,256,0.1,0.636397,4.3
tic_tac_toe_negative_26_variant1,256,1.0,0.563468,4.3
tic_tac_toe_negative_26_variant1,256,10.0,0.820472,4.6
tic_tac_toe_negative_26_variant1,256,100.0,0.999324,4.6
tic_tac_toe_negative_26_variant1,256,1000.0,0.998833,4.3
tic_tac_toe_negative_32_variant1,16,0.0,0.411492,4.4
tic_tac_toe_negative_32_variant1,16,0.1,0.572384,4.7
tic_tac_toe_negative_32_variant1,16,1.0,0.546426,4.9
tic_tac_toe_negative_32_variant1,16,10.0,0.936651,4.6
tic_tac_toe_negative_32_variant1,16,100.0,0.940345,4.4
tic_tac_toe_negative_32_variant1,16,1000.0,0.940695,4.4
tic_tac_toe_negative_32_variant1,32,0.0,0.931959,4.7
tic_tac_toe_negative_32_variant1,32,0.1,0.624052,4.1
tic_tac_toe_negative_32_variant1,32,1.0,0.635084,4.5
tic_tac_toe_negative_32_variant1,32,10.0,0.961262,4.1
tic_tac_toe_negative_32_variant1,32,100.0,0.963359,4.6
tic_tac_toe_negative_32_variant1,32,1000.0,0.963558,4.7
tic_tac_toe_negative_32_variant1,64,0.0,0.691494,4.5
tic_tac_toe_negative_32_variant1,64,0.1,0.597544,4.5
tic_tac_toe_negative_32_variant1,64,1.0,0.497504,5.0
tic_tac_toe_negative_32_variant1,64,10.0,0.968101,4.7
tic_tac_toe_negative_32_variant1,64,100.0,0.865216,3.9
tic_tac_toe_negative_32_variant1,64,1000.0,0.861222,4.1
tic_tac_toe_negative_32_variant1,128,0.0,0.685054,5.0
tic_tac_toe_negative_32_variant1,128,0.1,0.639277,4.9
tic_tac_toe_negative_32_variant1,128,1.0,0.51897,4.9
tic_tac_toe_negative_32_variant1,128,10.0,0.982528,4.5
tic_tac_toe_negative_32_variant1,128,100.0,0.889227,4.8
tic_tac_toe_negative_32_variant1,128,1000.0,0.979683,4.7
tic_tac_toe_negative_32_variant1,256,0.0,0.910294,5.0
tic_tac_toe_negative_32_variant1,256,0.1,0.697734,5.1
tic_tac_toe_negative_32_variant1,256,1.0,0.618011,5.1
tic_tac_toe_negative_32_variant1,256,10.0,0.997204,5.3
tic_tac_toe_negative_32_variant1,256,100.0,0.997604,4.9
tic_tac_toe_negative_32_variant1,256,1000.0,0.997554,4.7
tic_tac_toe_negative_54_variant1,16,0.0,0.737073,4.4
tic_tac_toe_negative_54_variant1,16,0.1,0.538546,4.3
tic_tac_toe_negative_54_variant1,16,1.0,0.541504,4.4
tic_tac_toe_negative_54_variant1,16,10.0,0.751923,4.2
tic_tac_toe_negative_54_variant1,16,100.0,0.776032,4.3
tic_tac_toe_negative_54_variant1,16,1000.0,0.773784,4.1
tic_tac_toe_negative_54_variant1,32,0.0,0.969826,4.5
tic_tac_toe_negative_54_variant1,32,0.1,0.638061,4.2
tic_tac_toe_negative_54_variant1,32,1.0,0.579902,4.9
tic_tac_toe_negative_54_variant1,32,10.0,0.788723,4.6
tic_tac_toe_negative_54_variant1,32,100.0,0.829073,4.5
tic_tac_toe_negative_54_variant1,32,1000.0,0.832712,4.4
tic_tac_toe_negative_54_variant1,64,0.0,0.870341,5.0
tic_tac_toe_negative_54_variant1,64,0.1,0.630399,4.2
tic_tac_toe_negative_54_variant1,64,1.0,0.518903,4.1
tic_tac_toe_negative_54_variant1,64,10.0,0.782008,4.3
tic_tac_toe_negative_54_variant1,64,100.0,0.808336,4.2
tic_tac_toe_negative_54_variant1,64,1000.0,0.809875,4.2
tic_tac_toe_negative_54_variant1,128,0.0,0.947462,4.6
tic_tac_toe_negative_54_variant1,128,0.1,0.591912,4.1
tic_tac_toe_negative_54_variant1,128,1.0,0.548811,4.3
tic_tac_toe_negative_54_variant1,128,10.0,0.823956,4.6
tic_tac_toe_negative_54_variant1,128,100.0,0.840256,4.4
tic_tac_toe_negative_54_variant1,128,1000.0,0.839486,4.4
tic_tac_toe_negative_54_variant1,256,0.0,0.995237,4.7
tic_tac_toe_negative_54_variant1,256,0.1,0.59845,4.8
tic_tac_toe_negative_54_variant1,256,1.0,0.546178,4.6
tic_tac_toe_negative_54_variant1,256,10.0,0.721187,4.2
tic_tac_toe_negative_54_variant1,256,100.0,0.701692,4.1
tic_tac_toe_negative_54_variant1,256,1000.0,0.698083,4.3
tic_tac_toe_negative_69_variant1,16,0.0,0.72517,4.5
tic_tac_toe_negative_69_variant1,16,0.1,0.547831,4.3
tic_tac_toe_negative_69_variant1,16,1.0,0.534843,4.1
tic_tac_toe_negative_69_variant1,16,10.0,0.772167,4.4
tic_tac_toe_negative_69_variant1,16,100.0,0.739987,4.5
tic_tac_toe_negative_69_variant1,16,1000.0,0.73707,4.3
tic_tac_toe_negative_69_variant1,32,0.0,0.971663,4.4
tic_tac_toe_negative_69_variant1,32,0.1,0.641709,4.4
tic_tac_toe_negative_69_variant1,32,1.0,0.589272,4.3
tic_tac_toe_negative_69_variant1,32,10.0,0.693754,4.5
tic_tac_toe_negative_69_variant1,32,100.0,0.76381,4.0
tic_tac_toe_negative_69_variant1,32,1000.0,0.764319,4.3
tic_tac_toe_negative_69_variant1,64,0.0,0.866417,4.4
tic_tac_toe_negative_69_variant1,64,0.1,0.582511,4.4
tic_tac_toe_negative_69_variant1,64,1.0,0.534588,4.4
tic_tac_toe_negative_69_variant1,64,10.0,0.683683,4.4
tic_tac_toe_negative_69_variant1,64,100.0,0.749132,4.2
tic_tac_toe_negative_69_variant1,64,1000.0,0.753461,4.2
tic_tac_toe_negative_69_variant1,128,0.0,0.955966,4.7
tic_tac_toe_negative_69_variant1,128,0.1,0.584641,4.5
tic_tac_toe_negative_69_variant1,128,1.0,0.613835,4.3
tic_tac_toe_negative_69_variant1,128,10.0,0.746145,4.4
tic_tac_toe_negative_69_variant1,128,100.0,0.776427,4.2
tic_tac_toe_negative_69_variant1,128,1000.0,0.7702,4.6
tic_tac_toe_negative_69_variant1,256,0.0,0.86938,4.6
tic_tac_toe_negative_69_variant1,256,0.1,0.603139,4.7
tic_tac_toe_negative_69_variant1,256,1.0,0.537922,4.7
tic_tac_toe_negative_69_variant1,256,10.0,0.631569,4.4
tic_tac_toe_negative_69_variant1,256,100.0,0.725772,4.6
tic_tac_toe_negative_69_variant1,256,1000.0,0.837778,4.6
vertebral,16,0.0,0.473968,1.5
vertebral,16,0.1,0.535873,1.6
vertebral,16,1.0,0.730317,1.7
vertebral,16,10.0,0.559841,1.9
vertebral,16,100.0,0.571905,1.9
vertebral,16,1000.0,0.549048,1.9
vertebral,32,0.0,0.457143,1.8
vertebral,32,0.1,0.422381,2.1
vertebral,32,1.0,0.558095,2.1
vertebral,32,10.0,0.523651,2.2
vertebral,32,100.0,0.745079,1.6
vertebral,32,1000.0,0.712222,1.6
vertebral,64,0.0,0.44746,1.4
vertebral,64,0.1,0.508413,1.4
vertebral,64,1.0,0.540317,1.5
vertebral,64,10.0,0.540952,1.5
vertebral,64,100.0,0.734921,1.6
vertebral,64,1000.0,0.708095,1.8
vertebral,128,0.0,0.464603,2.0
vertebral,128,0.1,0.492857,2.3
vertebral,128,1.0,0.442857,2.3
vertebral,128,10.0,0.573492,2.3
vertebral,128,100.0,0.733016,2.3
vertebral,128,1000.0,0.69381,2.0
vertebral,256,0.0,0.479524,1.8
vertebral,256,0.1,0.46619,1.7
vertebral,256,1.0,0.591111,1.5
vertebral,256,10.0,0.495079,1.6
vertebral,256,100.0,0.557143,1.7
vertebral,256,1000.0,0.559841,1.7
vote_republican_29_variant1,16,0.0,0.662792,2.3
vote_republican_29_variant1,16,0.1,0.645874,2.4
vote_republican_29_variant1,16,1.0,0.921865,2.4
vote_republican_29_variant1,16,10.0,0.817254,2.3
vote_republican_29_variant1,16,100.0,0.836756,2.4
vote_republican_29_variant1,16,1000.0,0.812217,2.6
vote_republican_29_variant1,32,0.0,0.621206,2.6
vote_republican_29_variant1,32,0.1,0.606871,2.5
vote_republican_29_variant1,32,1.0,0.916053,2.4
vote_republican_29_variant1,32,10.0,0.860648,2.3
vote_republican_29_variant1,32,100.0,0.815575,2.5
vote_republican_29_variant1,32,1000.0,0.822291,2.2
vote_republican_29_variant1,64,0.0,0.773215,2.5
vote_republican_29_variant1,64,0.1,0.595376,2.5
vote_republican_29_variant1,64,1.0,0.919153,2.6
vote_republican_29_variant1,64,10.0,0.904817,2.3
vote_republican_29_variant1,64,100.0,0.925739,2.0
vote_republican_29_variant1,64,1000.0,0.926127,2.5
vote_republican_29_variant1,128,0.0,0.641741,2.2
vote_republican_29_variant1,128,0.1,0.552499,2.2
vote_republican_29_variant1,128,1.0,0.903397,2.2
vote_republican_29_variant1,128,10.0,0.815963,2.0
vote_republican_29_variant1,128,100.0,0.807439,1.9
vote_republican_29_variant1,128,1000.0,0.805243,2.1
vote_republican_29_variant1,256,0.0,0.662534,2.2
vote_republican_29_variant1,256,0.1,0.542425,2.1
vote_republican_29_variant1,256,1.0,0.862069,2.3
vote_republican_29_variant1,256,10.0,0.66163,2.1
vote_republican_29_variant1,256,100.0,0.67532,2.2
vote_republican_29_variant1,256,1000.0,0.675449,2.2
vowels,16,0.0,0.495903,7.0
vowels,16,0.1,0.156728,7.2
vowels,16,1.0,0.419431,7.0
vowels,16,10.0,0.667667,7.0
vowels,16,100.0,0.921863,6.5
vowels,16,1000.0,0.931764,6.3
vowels,32,0.0,0.394353,6.6
vowels,32,0.1,0.182091,6.5
vowels,32,1.0,0.378208,6.4
vowels,32,10.0,0.56889,6.6
vowels,32,100.0,0.939317,6.7
vowels,32,1000.0,0.950697,6.8
vowels,64,0.0,0.376913,6.8
vowels,64,0.1,0.2633,6.5
vowels,64,1.0,0.435477,6.6
vowels,64,10.0,0.602731,6.1
vowels,64,100.0,0.926842,6.6
vowels,64,1000.0,0.928265,6.6
vowels,128,0.0,0.419502,6.7
vowels,128,0.1,0.258706,6.6
vowels,128,1.0,0.431223,6.3
vowels,128,10.0,0.608592,6.2
vowels,128,100.0,0.927582,6.3
vowels,128,1000.0,0.925704,6.5
vowels,256,0.0,0.391579,6.7
vowels,256,0.1,0.260654,6.5
vowels,256,1.0,0.43596,6.6
vowels,256,10.0,0.625107,6.6
vowels,256,100.0,0.90973,7.2
vowels,256,1000.0,0.90889,6.9
waveform_0_100_variant1,16,0.0,0.582172,15.5
waveform_0_100_variant1,16,0.1,0.507212,16.0
waveform_0_100_variant1,16,1.0,0.733036,15.8
waveform_0_100_variant1,16,10.0,0.65548,16.8
waveform_0_100_variant1,16,100.0,0.50481,15.8
waveform_0_100_variant1,16,1000.0,0.514984,17.1
waveform_0_100_variant1,32,0.0,0.565863,16.9
waveform_0_100_variant1,32,0.1,0.507332,17.0
waveform_0_100_variant1,32,1.0,0.736892,15.4
waveform_0_100_variant1,32,10.0,0.61114,14.4
waveform_0_100_variant1,32,100.0,0.465414,16.1
waveform_0_100_variant1,32,1000.0,0.501864,16.4
waveform_0_100_variant1,64,0.0,0.550918,14.9
waveform_0_100_variant1,64,0.1,0.498639,15.3
waveform_0_100_variant1,64,1.0,0.744457,15.9
waveform_0_100_variant1,64,10.0,0.624364,15.7
waveform_0_100_variant1,64,100.0,0.480012,15.4
waveform_0_100_variant1,64,1000.0,0.477063,14.9
waveform_0_100_variant1,128,0.0,0.568235,15.3
waveform_0_100_variant1,128,0.1,0.509363,15.4
waveform_0_100_variant1,128,1.0,0.751418,15.7
waveform_0_100_variant1,128,10.0,0.619853,15.8
waveform_0_100_variant1,128,100.0,0.491092,15.7
waveform_0_100_variant1,128,1000.0,0.482124,16.7
waveform_0_100_variant1,256,0.0,0.548992,18.0
waveform_0_100_variant1,256,0.1,0.486431,18.9
waveform_0_100_variant1,256,1.0,0.753838,18.9
waveform_0_100_variant1,256,10.0,0.612381,19.0
waveform_0_100_variant1,256,100.0,0.483237,19.2
waveform_0_100_variant1,256,1000.0,0.484885,18.7
wbc_malignant_39_variant1,16,0.0,0.614634,1.9
wbc_malignant_39_variant1,16,0.1,0.66505,2.0
wbc_malignant_39_variant1,16,1.0,0.965581,2.2
wbc_malignant_39_variant1,16,10.0,0.978459,2.2
wbc_malignant_39_variant1,16,100.0,0.979845,2.0
wbc_malignant_39_variant1,16,1000.0,0.980538,1.9
wbc_malignant_39_variant1,32,0.0,0.611458,2.0
wbc_malignant_39_variant1,32,0.1,0.697967,1.9
wbc_malignant_39_variant1,32,1.0,0.961769,1.9
wbc_malignant_39_variant1,32,10.0,0.97817,2.0
wbc_malignant_39_variant1,32,100.0,0.979845,2.1
wbc_malignant_39_variant1,32,1000.0,0.979903,1.9
wbc_malignant_39_variant1,64,0.0,0.615616,2.2
wbc_malignant_39_variant1,64,0.1,0.690575,2.0
wbc_malignant_39_variant1,64,1.0,0.968006,2.2
wbc_malignant_39_variant1,64,10.0,0.976265,2.4
wbc_malignant_39_variant1,64,100.0,0.977824,2.5
wbc_malignant_39_variant1,64,1000.0,0.978113,2.3
wbc_malignant_39_variant1,128,0.0,0.639351,2.2
wbc_malignant_39_variant1,128,0.1,0.694791,2.2
wbc_malignant_39_variant1,128,1.0,0.963329,2.4
wbc_malignant_39_variant1,128,10.0,0.977593,2.1
wbc_malignant_39_variant1,128,100.0,0.978921,2.0
wbc_malignant_39_variant1,128,1000.0,0.979037,2.2
wbc_malignant_39_variant1,256,0.0,0.622488,2.3
wbc_malignant_39_variant1,256,0.1,0.697216,2.3
wbc_malignant_39_variant1,256,1.0,0.960903,2.4
wbc_malignant_39_variant1,256,10.0,0.977362,2.3
wbc_malignant_39_variant1,256,100.0,0.978632,2.1
wbc_malignant_39_variant1,256,1000.0,0.978575,2.2
wdbc_M_39_variant1,16,0.0,0.848237,2.2
wdbc_M_39_variant1,16,0.1,0.8389,2.3
wdbc_M_39_variant1,16,1.0,0.871364,2.2
wdbc_M_39_variant1,16,10.0,0.78259,2.2
wdbc_M_39_variant1,16,100.0,0.783595,2.1
wdbc_M_39_variant1,16,1000.0,0.774043,2.2
wdbc_M_39_variant1,32,0.0,0.796165,2.1
wdbc_M_39_variant1,32,0.1,0.803203,2.0
wdbc_M_39_variant1,32,1.0,0.816491,2.1
wdbc_M_39_variant1,32,10.0,0.837679,2.2
wdbc_M_39_variant1,32,100.0,0.736192,2.3
wdbc_M_39_variant1,32,1000.0,0.711197,2.2
wdbc_M_39_variant1,64,0.0,0.765065,2.2
wdbc_M_39_variant1,64,0.1,0.790275,2.2
wdbc_M_39_variant1,64,1.0,0.771385,2.1
wdbc_M_39_variant1,64,10.0,0.818645,2.3
wdbc_M_39_variant1,64,100.0,0.728291,2.0
wdbc_M_39_variant1,64,1000.0,0.722617,2.4
wdbc_M_39_variant1,128,0.0,0.767292,2.0
wdbc_M_39_variant1,128,0.1,0.795159,2.0
wdbc_M_39_variant1,128,1.0,0.798176,2.3
wdbc_M_39_variant1,128,10.0,0.845292,2.1
wdbc_M_39_variant1,128,100.0,0.752496,2.3
wdbc_M_39_variant1,128,1000.0,0.717733,2.3
wdbc_M_39_variant1,256,0.0,0.743231,2.1
wdbc_M_39_variant1,256,0.1,0.793507,1.9
wdbc_M_39_variant1,256,1.0,0.788623,2.3
wdbc_M_39_variant1,256,10.0,0.832651,2.1
wdbc_M_39_variant1,256,100.0,0.742512,2.1
wdbc_M_39_variant1,256,1000.0,0.709186,2.4
wine,16,0.0,0.713445,1.6
wine,16,0.1,0.540336,1.7
wine,16,1.0,0.601681,1.7
wine,16,10.0,0.34958,1.6
wine,16,100.0,0.417647,1.6
wine,16,1000.0,0.42521,1.6
wine,32,0.0,0.64958,1.7
wine,32,0.1,0.671429,1.7
wine,32,1.0,0.594958,1.7
wine,32,10.0,0.342857,1.8
wine,32,100.0,0.457983,1.6
wine,32,1000.0,0.464706,1.6
wine,64,0.0,0.561345,1.8
wine,64,0.1,0.277311,1.8
wine,64,1.0,0.601681,1.8
wine,64,10.0,0.469748,1.8
wine,64,100.0,0.47479,2.0
wine,64,1000.0,0.464706,2.1
wine,128,0.0,0.557143,2.1
wine,128,0.1,0.259664,2.1
wine,128,1.0,0.601681,1.9
wine,128,10.0,0.457983,1.9
wine,128,100.0,0.42437,1.8
wine,128,1000.0,0.419328,1.7
wine,256,0.0,0.710924,1.8
wine,256,0.1,0.331092,1.7
wine,256,1.0,0.621008,1.7
wine,256,10.0,0.434454,1.9
wine,256,100.0,0.437815,2.0
wine,256,1000.0,0.433613,1.9
wpbc_variant1,16,0.0,0.533606,2.4
wpbc_variant1,16,0.1,0.484289,2.2
wpbc_variant1,16,1.0,0.472594,2.4
wpbc_variant1,16,10.0,0.496689,2.2
wpbc_variant1,16,100.0,0.503311,2.2
wpbc_variant1,16,1000.0,0.494152,2.3
wpbc_variant1,32,0.0,0.562914,2.0
wpbc_variant1,32,0.1,0.516415,2.0
wpbc_variant1,32,1.0,0.487389,2.3
wpbc_variant1,32,10.0,0.485557,2.2
wpbc_variant1,32,100.0,0.496971,2.0
wpbc_variant1,32,1000.0,0.507961,2.0
wpbc_variant1,64,0.0,0.554037,2.1
wpbc_variant1,64,0.1,0.515147,2.3
wpbc_variant1,64,1.0,0.490771,2.3
wpbc_variant1,64,10.0,0.497111,2.5
wpbc_variant1,64,100.0,0.501761,2.1
wpbc_variant1,64,1000.0,0.502607,2.0
wpbc_variant1,128,0.0,0.529379,2.3
wpbc_variant1,128,0.1,0.500211,2.2
wpbc_variant1,128,1.0,0.485135,2.0
wpbc_variant1,128,10.0,0.495843,2.3
wpbc_variant1,128,100.0,0.532338,2.1
wpbc_variant1,128,1000.0,0.531774,2.2
wpbc_variant1,256,0.0,0.567282,2.3
wpbc_variant1,256,0.1,0.511906,2.1
wpbc_variant1,256,1.0,0.488234,2.2
wpbc_variant1,256,10.0,0.495984,2.1
wpbc_variant1,256,100.0,0.515711,2.3
wpbc_variant1,256,1000.0,0.508807,2.3
yeast_ERL_5_variant1,16,0.0,0.99243,6.6
yeast_ERL_5_variant1,16,0.1,0.993134,6.6
yeast_ERL_5_variant1,16,1.0,0.998063,6.8
yeast_ERL_5_variant1,16,10.0,0.948239,7.0
yeast_ERL_5_variant1,16,100.0,0.966021,6.9
yeast_ERL_5_variant1,16,1000.0,0.915317,6.8
yeast_ERL_5_variant1,32,0.0,0.987676,7.3
yeast_ERL_5_variant1,32,0.1,0.997887,6.6
yeast_ERL_5_variant1,32,1.0,0.996479,7.1
yeast_ERL_5_variant1,32,10.0,0.940845,7.6
yeast_ERL_5_variant1,32,100.0,0.969366,7.6
yeast_ERL_5_variant1,32,1000.0,0.951408,7.2
yeast_ERL_5_variant1,64,0.0,0.992077,7.1
yeast_ERL_5_variant1,64,0.1,0.99912,7.5
yeast_ERL_5_variant1,64,1.0,0.996479,7.4
yeast_ERL_5_variant1,64,10.0,0.961444,6.7
yeast_ERL_5_variant1,64,100.0,0.988028,6.0
yeast_ERL_5_variant1,64,1000.0,0.989085,5.7
yeast_ERL_5_variant1,128,0.0,0.98662,6.0
yeast_ERL_5_variant1,128,0.1,0.997711,6.9
yeast_ERL_5_variant1,128,1.0,0.99507,6.6
yeast_ERL_5_variant1,128,10.0,0.954577,6.7
yeast_ERL_5_variant1,128,100.0,0.985387,6.9
yeast_ERL_5_variant1,128,1000.0,0.987852,7.2
yeast_ERL_5_variant1,256,0.0,0.98257,6.8
yeast_ERL_5_variant1,256,0.1,0.998063,6.8
yeast_ERL_5_variant1,256,1.0,0.995951,6.4
yeast_ERL_5_variant1,256,10.0,0.947359,6.6
yeast_ERL_5_variant1,256,100.0,0.98257,6.6
yeast_ERL_5_variant1,256,1000.0,0.983803,7.0
zoo_variant1,16,0.0,0.846639,2.3
zoo_variant1,16,0.1,0.411064,2.2
zoo_variant1,16,1.0,0.366947,2.3
zoo_variant1,16,10.0,0.858543,2.2
zoo_variant1,16,100.0,0.85014,2.2
zoo_variant1,16,1000.0,0.85084,2.3
zoo_variant1,32,0.0,0.644958,2.0
zoo_variant1,32,0.1,0.453782,2.1
zoo_variant1,32,1.0,0.571429,2.2
zoo_variant1,32,10.0,0.853641,2.2
zoo_variant1,32,100.0,0.838235,2.2
zoo_variant1,32,1000.0,0.839636,1.9
zoo_variant1,64,0.0,0.798319,2.0
zoo_variant1,64,0.1,0.462885,2.3
zoo_variant1,64,1.0,0.303221,2.5
zoo_variant1,64,10.0,0.868347,2.6
zoo_variant1,64,100.0,0.863445,2.3
zoo_variant1,64,1000.0,0.865546,2.3
zoo_variant1,128,0.0,0.645658,2.1
zoo_variant1,128,0.1,0.47549,2.1
zoo_variant1,128,1.0,0.336134,2.3
zoo_variant1,128,10.0,0.869048,2.3
zoo_variant1,128,100.0,0.871148,2.1
zoo_variant1,128,1000.0,0.873249,2.1
zoo_variant1,256,0.0,0.661064,2.1
zoo_variant1,256,0.1,0.552521,2.6
zoo_variant1,256,1.0,0.285714,2.2
zoo_variant1,256,10.0,0.870448,2.3
zoo_variant1,256,100.0,0.868347,2.3
zoo_variant1,256,1000.0,0.868347,2.1
